Sample_name,Sample_number,Form,Geology,Damage class,RDEM_94,Q_94,rms_ini_1,rms_ini_2,rms_ini_3,rms_ini_4,rms_ini_5,rms_ini_6,rms_ini_7,rms_ini_8,rms_ini_9,centroid_ini_1,centroid_ini_2,centroid_ini_3,centroid_ini_4,centroid_ini_5,centroid_ini_6,centroid_ini_7,centroid_ini_8,centroid_ini_9,flatness_ini_1,flatness_ini_2,flatness_ini_3,flatness_ini_4,flatness_ini_5,flatness_ini_6,flatness_ini_7,flatness_ini_8,flatness_ini_9,rolloff_ini_1,rolloff_ini_2,rolloff_ini_3,rolloff_ini_4,rolloff_ini_5,rolloff_ini_6,rolloff_ini_7,rolloff_ini_8,rolloff_ini_9,contrast1_ini_1,contrast1_ini_2,contrast1_ini_3,contrast1_ini_4,contrast1_ini_5,contrast1_ini_6,contrast1_ini_7,contrast1_ini_8,contrast1_ini_9,contrast2_ini_1,contrast2_ini_2,contrast2_ini_3,contrast2_ini_4,contrast2_ini_5,contrast2_ini_6,contrast2_ini_7,contrast2_ini_8,contrast2_ini_9
S1,1,pl,L_pl_a,Resistant,0.93,49.13,0.12478732,0.1334769,0.111794665,0.12593485,0.13059843,0.11737721,0.10030688,0.1231873,0.102367945,3553.010287,3351.973454,3456.860314,3451.786023,3312.058991,3524.573819,3570.476494,3373.74173,3342.614927,0.059089318,0.063923836,0.09300642,0.06473219,0.08491716,0.09348528,0.049578626,0.04193786,0.02435662,7971.641791,8109.784411,8024.461028,8260.116086,8329.187396,8239.800995,7597.844113,8056.965174,7504.394693,42.30699013,40.83286248,40.24847238,41.18763457,38.09034636,34.78952513,34.23584095,41.50529965,37.29297802,23.2067838,21.93987583,22.28606935,21.37944197,20.93498842,20.64225478,23.77316208,21.89281144,25.22114
S2,2,pl,L_pl_b,Resistant,0.97,88.35,0.117464766,0.14257203,0.11014827,0.13759592,0.14018227,0.1314798,0.10921814,0.14653032,0.13354452,3455.360674,3631.302794,3494.264119,3607.961456,3626.815892,3752.05957,3476.244406,3665.697602,3476.077262,0.11544755,0.10381742,0.039441258,0.094144344,0.1538195,0.07409743,0.018400092,0.050052583,0.023333171,8162.603648,8333.250415,8052.902156,8227.61194,8353.565506,8361.691542,7630.348259,8158.54063,7638.474295,48.28168739,47.42606557,41.16174308,40.24026231,44.73101988,38.52732221,40.1645866,41.32492172,39.01125231,21.14320685,21.34302649,23.24097051,20.99676407,19.51997126,21.1686881,25.00684453,22.38062558,24.18208647
S3,3,pl,L_pl_e,Resistant,0.98,65.06,0.108190864,0.11929333,0.09208434,0.105621286,0.09915225,0.09278377,0.10520013,0.08543453,0.10158413,3406.371571,2802.840916,3571.163628,3350.858648,3447.239769,3645.108995,2873.684481,3323.155177,3488.668886,0.048696104,0.021520246,0.01471337,0.01628454,0.019885162,0.005764586,0.038057894,0.029747533,0.012703933,8138.225539,8016.334992,7065.588723,7540.961857,7829.436153,6439.883914,7967.578773,7926.94859,6825.870647,40.64909851,40.44351766,32.04103321,41.37247314,42.16222196,31.8217723,43.50681772,37.54574982,35.89942597,23.78685909,24.18341359,25.82161662,24.8896762,24.16863575,27.65923115,23.65759963,23.72417235,26.72003838
S4,4,pt,L_pt_a2,Resistant,0.93,48.7,0.10633063,0.10185131,0.11248627,,,,,,,5232.728847,5328.960329,5525.90001,,,,,,,0.33393717,0.25436905,0.19998798,,,,,,,8694.859038,8625.787728,8601.409619,,,,,,,34.91190646,37.43006127,37.28053375,,,,,,,17.8950415,18.935668,20.42723453,,,,,,
S5,5,pt,L_pt_a3,Resistant,0.95,56.76,0.11028633,0.10309485,0.109860376,,,,,,,5251.135445,5233.396781,5247.523017,,,,,,,0.18896545,0.07149519,0.062231563,,,,,,,8524.212272,8414.510779,8065.091211,,,,,,,38.5983401,30.52840568,34.44569882,,,,,,,18.94550915,22.1085232,22.22728484,,,,,,
S6,6,pt,L_pt_a4,Resistant,0.93,46.18,0.10375868,0.103327766,0.10397422,,,,,,,5540.09141,5595.044228,5618.824752,,,,,,,0.20507203,0.16935863,0.10991564,,,,,,,8581.094527,8532.338308,8414.510779,,,,,,,31.58469104,31.61956068,34.09291795,,,,,,,18.72079802,20.0803734,21.34606799,,,,,,
S7,7,pt,L_pt_b2,Resistant,0.98,67.01,0.13346201,0.12057205,,,,,,,,5314.499159,5328.427845,,,,,,,,0.12526281,0.038757782,,,,,,,,8499.834163,8008.208955,,,,,,,,37.82015807,35.50956137,,,,,,,,20.65592901,23.08564957,,,,,,,
S8,8,pt,L_pt_e2,Resistant,0.99,54.09,0.16010103,0.16177598,0.1457433,,,,,,,3617.754408,3429.359571,3770.36562,,,,,,,0.005992536,0.008303465,0.014885271,,,,,,,7536.898839,7971.641791,7870.066335,,,,,,,44.15052529,33.04738276,33.31960246,,,,,,,25.53705769,24.87263271,24.64821368,,,,,,
S9,9,pt,L_pt_e3,Resistant,1,75.9,0.13970959,0.14184372,0.13312836,,,,,,,3697.227688,3657.528499,3771.72994,,,,,,,0.028033312,0.013291119,0.019219607,,,,,,,8174.792703,7825.373134,7874.129353,,,,,,,38.02268063,30.9728303,30.77597585,,,,,,,23.5168328,24.77845136,23.49965564,,,,,,
S10,10,pt,L_pt_e4,Resistant,0.98,73.29,0.14466667,0.14063723,0.13104847,,,,,,,3261.555427,3157.624591,3575.447262,,,,,,,0.027494643,0.028082406,0.016971368,,,,,,,8036.650083,7975.704809,7906.633499,,,,,,,36.70948835,43.10444298,34.24448335,,,,,,,23.04774503,23.41694817,23.18309646,,,,,,
S11,11,pl,M_pl_a1,Uncertain,0.88,60.74,0.105715446,0.11238423,0.0964487,0.09704881,0.1198202,0.116438225,0.10540711,0.107402705,0.09489456,3794.941239,3161.033395,3770.125516,3852.489515,3017.875504,3334.006851,3670.262604,3307.098556,3429.68393,0.00976217,0.008474052,0.008012734,0.004903537,0.017828306,0.005556834,0.004856091,0.036241923,0.008611647,6748.6733,7471.890547,6622.719735,6533.333333,8081.343284,6964.013267,6066.086235,7955.389718,6537.396352,37.98367928,33.73442593,34.6028824,34.16995085,41.83037842,36.21946022,36.21955693,41.49453663,37.26509012,28.4444671,25.04865117,27.45681056,27.39052064,23.34500206,26.72644322,28.89475869,22.97965677,27.32660851
S12,12,pl,M_pl_a2,Uncertain,0.84,8.9,0.098188356,0.11225587,0.106359616,0.13063805,0.123704776,0.14195493,0.10275536,0.092876926,0.06715106,3320.26396,3138.654361,3098.113448,2832.682047,2911.252088,2676.670756,3186.927169,3077.523721,3483.253543,0.03685389,0.010946746,0.030514508,0.01593093,0.027236322,0.012114821,0.030704387,0.08314218,0.073069654,8117.910448,7890.381426,8365.754561,7719.73466,8186.981758,7857.87728,8077.280265,8264.179104,8036.650083,38.76249588,32.1149608,33.57714544,37.06752171,42.95495157,41.06662422,38.08886498,42.79985994,39.22447734,22.16243524,24.53050393,22.16116601,23.94832011,22.95663844,24.14831582,22.43323938,21.49858218,21.82296879
S13,13,pl,M_pl_b,Resistant,1,90.04,0.10661559,0.15154505,0.0938989,0.109217204,0.12693433,0.117587075,0.108274125,0.13583635,0.092060976,2775.528229,2871.246274,3620.892491,3480.755668,3175.409603,3319.419419,3198.400142,2909.432247,3382.774034,0.027742224,0.018656481,0.01173247,0.017054852,0.020331189,0.012655295,0.00858594,0.012256601,0.017181128,7979.767828,7987.893864,7020.895522,7764.427861,7849.751244,7622.222222,6817.74461,7662.852405,7284.991708,43.01667793,42.32137846,37.46346459,37.94987377,43.03122175,40.14101442,33.71548368,40.77898357,41.74031075,23.94547849,22.93179619,26.3357936,24.41407541,23.42992538,24.91239996,26.8794657,24.28281862,24.66279809
S14,14,pl,M_pl_c,Resistant,0.99,114.65,0.1163171,0.15648708,0.10818114,0.1476046,0.15768005,0.11948099,0.10922059,0.15681404,0.1225453,3824.018073,3697.32638,3651.100719,3727.952219,3775.906561,4262.4193,3906.492004,3690.187428,3502.441359,0.009980847,0.019362384,0.014738619,0.01212089,0.016325383,0.010919291,0.005211068,0.005773358,0.101392426,7378.441128,7857.87728,7622.222222,7756.301824,7906.633499,7601.907131,6748.6733,7557.21393,8239.800995,37.64238882,42.97069666,36.95629031,39.8566719,38.35697602,36.19178164,36.24081513,39.62489783,51.47735947,25.91631867,24.26353292,25.6407957,24.87137828,23.66562777,24.45386344,27.27007955,25.93624623,21.41435698
S15,15,pl,M_pl_f,Resistant,1,131.91,0.11198303,0.14802065,0.10846785,0.12796122,0.14287232,0.12820032,0.12136271,0.1419821,0.1128114,3514.269324,3358.850205,3321.200725,3615.527675,3520.965397,3418.293887,3326.759862,3605.419982,3375.830607,0.005830706,0.010457316,0.004902258,0.006570598,0.09391186,0.012786413,0.00369474,0.002071617,0.004734219,6850.248756,8008.208955,6793.366501,7569.402985,8597.3466,8032.587065,6813.681592,6618.656716,6943.698176,33.87157559,41.78257541,28.77004795,31.48143824,40.1049712,33.43216869,35.06663051,37.35245975,32.98437273,26.8329379,24.01053194,27.36207288,24.97206284,20.65874401,24.23737516,27.9523695,28.61352799,26.62695535
S16,16,pt,M_pt_a2,Uncertain,0.74,25.84,0.09425858,0.10312728,0.092326604,,,,,,,4365.383047,4266.369642,4097.731365,,,,,,,0.22819571,0.23534988,0.23944332,,,,,,,8483.58209,8243.864013,8434.825871,,,,,,,39.14558373,39.88468299,43.85395352,,,,,,,19.45075841,19.13039019,18.77719875,,,,,,
S17,17,pt,M_pt_a3,Resistant,0.93,70.89,0.13713506,0.13532472,0.1286931,,,,,,,4469.582603,4460.017398,4503.972783,,,,,,,0.09496779,0.027209977,0.032364104,,,,,,,8312.935323,7922.885572,8219.485904,,,,,,,37.61866492,40.51740373,41.40986033,,,,,,,20.7903018,24.25636359,22.93441971,,,,,,
S18,18,pt,M_pt_a4,Resistant,1.01,80.4,0.1315564,0.12765753,0.12827022,,,,,,,4679.903241,4560.030212,4671.232768,,,,,,,0.14557835,0.13538535,0.12656452,,,,,,,8410.447761,8402.321725,8341.376451,,,,,,,45.46562682,41.95876082,42.45748926,,,,,,,19.8401032,19.75865778,20.59837995,,,,,,
S19,19,pt,M_pt_b2,Resistant,1,90.33,0.1282329,0.12751411,0.12849608,,,,,,,4535.020255,4503.124836,4502.842785,,,,,,,0.036641855,0.029363375,0.012833799,,,,,,,8373.880597,7943.200663,7618.159204,,,,,,,34.54395542,37.79934403,31.38822916,,,,,,,22.06116613,23.39906751,25.82175267,,,,,,
S20,20,pt,M_pt_b3,Resistant,1,41.2,0.1310064,0.13086793,0.1315819,,,,,,,4539.917104,4550.833618,4507.300998,,,,,,,0.037448756,0.016970538,0.07842706,,,,,,,8418.573798,7922.885572,8341.376451,,,,,,,32.40107615,32.02793801,33.65019441,,,,,,,22.11208841,24.34974302,20.8016298,,,,,,
S21,21,pt,M_pt_b4,Resistant,1.01,79.06,0.12718564,0.12220564,0.12467024,,,,,,,4801.582954,4781.200813,4781.630695,,,,,,,0.015532322,0.014680031,0.013388384,,,,,,,7727.860697,7614.096186,7670.978441,,,,,,,37.88601974,35.6189891,33.10878446,,,,,,,23.95836324,25.28807277,24.20680216,,,,,,
S22,22,pt,M_pt_c2,Resistant,1.01,67.56,0.10923861,0.10924126,0.10951388,,,,,,,5640.486111,6056.512896,5671.820318,,,,,,,0.27025554,0.23253693,0.37615907,,,,,,,8564.842454,8544.527363,8698.922056,,,,,,,35.44614419,30.42437088,35.46280593,,,,,,,19.0926919,19.12135776,17.12816463,,,,,,
S23,23,pt,M_pt_c3,Resistant,1,89.45,0.11278191,0.11844931,0.11463065,,,,,,,6038.352104,5794.012855,6034.03106,,,,,,,0.03769479,0.08845698,0.045896288,,,,,,,7918.822554,8365.754561,8069.154229,,,,,,,35.57185518,37.87012681,30.64400792,,,,,,,23.13610537,21.49702777,22.52087912,,,,,,
S24,24,pt,M_pt_c4,Resistant,1.01,43.27,0.115797944,0.11798593,0.113704614,,,,,,,5779.528859,6224.747574,6169.833048,,,,,,,0.23784235,0.048330862,0.09752429,,,,,,,8564.842454,8219.485904,8227.61194,,,,,,,46.51420289,34.37748924,30.04741676,,,,,,,18.86506042,22.17742143,21.20467513,,,,,,
S31,31,pl,P_pl_a,Resistant,0.94,133.86,0.16066577,0.19582662,0.12649395,0.19378398,0.18716934,0.17459448,0.13932858,0.19927822,0.1572619,3484.51984,3567.943613,3724.955277,3567.341437,3588.826693,3705.057905,3694.414566,3594.630069,3385.740236,0.005031685,0.001369127,0.000572367,0.000553841,0.003034804,0.00083164,0.00041718,0.000845816,0.000857531,7658.789386,6817.74461,4952.819237,5968.573798,7455.638474,6647.097844,4648.092869,6622.719735,5586.650083,37.23091474,39.27991865,31.17501062,30.44034274,44.3846148,42.14800894,29.68549875,41.89874104,36.02579285,25.70917299,27.93207796,31.53302682,30.1080925,25.95212936,28.61228729,32.13900113,29.34178523,30.24769831
S25,25,pl,S_pl_a,Broken,0,0,0.14337687,0.17232041,0.12291317,0.14938058,0.13036826,0.13516103,0.13516106,0.13418685,0.14725094,3608.57111,3104.654372,4196.522646,3374.624402,3586.972667,3738.185931,3738.762454,3386.700093,3090.176791,0.04765858,0.020409208,0.07067767,0.002438271,0.004265036,0.000761077,0.000762356,0.005421758,0.00424338,8552.6534,8353.565506,8247.927032,7199.668325,7540.961857,5468.822554,5472.885572,7471.890547,7366.252073,37.27320444,32.04913157,41.70091047,35.33471724,38.14455293,30.33529278,31.72800597,36.02328134,41.20392586,22.01197708,22.59654826,21.60287025,27.11488117,26.18638356,30.93821542,30.88487634,27.65037042,27.11784956
S26,26,pl,S_pl_d,Uncertain,0.88,43.53,0.10496309,0.11540796,0.08697397,0.11328449,0.11632069,0.11221423,0.13240266,0.11197356,,4478.674756,4815.835668,4712.744674,4839.034483,4926.720338,4239.243553,4760.857476,4481.206816,,0.24088185,0.22990476,0.026214257,0.2770029,0.08378912,0.020278128,0.12948227,0.07067568,,8617.661692,8532.338308,8093.532338,8678.606965,8126.036484,8016.334992,8467.330017,8101.658375,,38.74559956,40.20147153,31.68874219,33.63365202,36.44822819,32.19437623,35.0939202,36.63909943,,17.84451088,19.61026884,23.594192,18.00958442,22.09481072,23.30992968,20.13254344,21.30795439,
S27,27,pt,S_pt_d2,Broken,0.28,10.08,0.09763796,0.094784275,,,,,,,,7898.304079,7788.368461,,,,,,,,0.28588417,0.31518847,,,,,,,,9178.358209,9235.240464,,,,,,,,33.69754629,28.33749209,,,,,,,,19.22955563,17.64915991,,,,,,,
S28,28,pt,S_pt_d3,Broken,0,0,0.108115785,,,,,,,,,7916.54869,,,,,,,,,0.22083402,,,,,,,,,8942.703151,,,,,,,,,28.20971814,,,,,,,,,18.55860501,,,,,,,,
S29,29,pt,S_pt_d4,Broken,0,0,0.090030394,0.087166786,,,,,,,,7079.416207,7781.297571,,,,,,,,0.33472818,0.29726157,,,,,,,,8971.144279,9308.374793,,,,,,,,30.26714718,26.01548393,,,,,,,,17.76633211,17.87803467,,,,,,,

S30,30,pl,LG_pl_a,Resistant,0.99,127.89,0.13730383,0.1638744,0.1493026,0.18418483,0.17864616,0.14212967,0.13524455,0.18448105,0.16488962,4499.760719,4119.696514,4178.215768,4297.761635,4095.520148,4623.52716,3976.664526,3843.748065,3820.442423,0.021354618,0.009320224,0.19055331,0.006619799,0.006405396,0.022468282,0.002659835,0.022226265,0.005575128,8130.099502,8077.280265,8646.102819,7890.381426,7983.830846,8199.170813,7171.227197,8276.368159,7638.474295,34.42775614,32.53403092,36.52482544,39.61146041,34.03000818,37.67718319,38.80126002,37.25885572,36.69649933,23.82942327,24.30502032,19.94277603,24.95654149,24.68925813,23.03138557,28.65945369,22.57040853,26.33543652
