Sample_name_simple,Sample_name,Sample_number,Sound_number,mass_ini,mass_0,mass_n,mass_end,f1_ini,a1_ini,f1_0,a1_0,f1_n,a1_n,f1_end,a1_end,sound_path_ini,rms_ini,centroid_ini,flatness_ini,rolloff_ini,contrast1_ini,contrast2_ini,RDEM,Q,Q0,dQ
L_pl_a_1,S1,1,1,3458.07,3481.07,3481.78,3460.54,2748.0,0.3712,2590.0,0.7269,2499.75603,1.017641,2664.80616,0.637452,./audio/raw_data_ampl_norm/L_pl_a_1_ini_ampl_norm.wav,0.12478732,4093.722415796499,0.059089318,7971.641791044776,42.306990126411094,23.206783801960306,0.9315275874720652,49.13324050426427,68.78525244187647,0.714299050450994
L_pl_a_2,S1,1,2,3458.07,3481.07,3481.78,3460.54,2748.0,0.3712,2590.0,0.7269,2499.75603,1.017641,2664.80616,0.637452,./audio/raw_data_ampl_norm/L_pl_a_2_ini_ampl_norm.wav,0.1334769,4026.584477147955,0.063923836,8109.784411276948,40.83286247606824,21.939875827425794,0.9315275874720652,49.13324050426427,68.78525244187647,0.714299050450994
L_pl_a_3,S1,1,3,3458.07,3481.07,3481.78,3460.54,2748.0,0.3712,2590.0,0.7269,2499.75603,1.017641,2664.80616,0.637452,./audio/raw_data_ampl_norm/L_pl_a_3_ini_ampl_norm.wav,0.111794665,3966.759257565557,0.09300642,8024.4610281923715,40.24847237805205,22.28606935399323,0.9315275874720652,49.13324050426427,68.78525244187647,0.714299050450994
L_pl_a_4,S1,1,4,3458.07,3481.07,3481.78,3460.54,2748.0,0.3712,2590.0,0.7269,2499.75603,1.017641,2664.80616,0.637452,./audio/raw_data_ampl_norm/L_pl_a_4_ini_ampl_norm.wav,0.12593485,4145.483575479432,0.06473219,8260.116086235488,41.187634566685645,21.37944196910421,0.9315275874720652,49.13324050426427,68.78525244187647,0.714299050450994
L_pl_a_5,S1,1,5,3458.07,3481.07,3481.78,3460.54,2748.0,0.3712,2590.0,0.7269,2499.75603,1.017641,2664.80616,0.637452,./audio/raw_data_ampl_norm/L_pl_a_5_ini_ampl_norm.wav,0.13059843,4192.265865118876,0.08491716,8329.187396351575,38.090346361442485,20.93498842107219,0.9315275874720652,49.13324050426427,68.78525244187647,0.714299050450994
L_pl_a_6,S1,1,6,3458.07,3481.07,3481.78,3460.54,2748.0,0.3712,2590.0,0.7269,2499.75603,1.017641,2664.80616,0.637452,./audio/raw_data_ampl_norm/L_pl_a_6_ini_ampl_norm.wav,0.11737721,4156.196348549443,0.09348528,8239.800995024876,34.789525130676545,20.64225477648448,0.9315275874720652,49.13324050426427,68.78525244187647,0.714299050450994
L_pl_a_7,S1,1,7,3458.07,3481.07,3481.78,3460.54,2748.0,0.3712,2590.0,0.7269,2499.75603,1.017641,2664.80616,0.637452,./audio/raw_data_ampl_norm/L_pl_a_7_ini_ampl_norm.wav,0.10030688,3889.9895752831003,0.049578626,7597.844112769486,34.23584094787412,23.773162079104136,0.9315275874720652,49.13324050426427,68.78525244187647,0.714299050450994
L_pl_a_8,S1,1,8,3458.07,3481.07,3481.78,3460.54,2748.0,0.3712,2590.0,0.7269,2499.75603,1.017641,2664.80616,0.637452,./audio/raw_data_ampl_norm/L_pl_a_8_ini_ampl_norm.wav,0.1231873,4086.998143061195,0.04193786,8056.965174129353,41.50529965150628,21.892811439341695,0.9315275874720652,49.13324050426427,68.78525244187647,0.714299050450994
L_pl_a_9,S1,1,9,3458.07,3481.07,3481.78,3460.54,2748.0,0.3712,2590.0,0.7269,2499.75603,1.017641,2664.80616,0.637452,./audio/raw_data_ampl_norm/L_pl_a_9_ini_ampl_norm.wav,0.102367945,3859.9862180276423,0.02435662,7504.394693200663,37.29297801663588,25.221140003340672,0.9315275874720652,49.13324050426427,68.78525244187647,0.714299050450994
L_pl_b_1,S2,2,1,2089.95,2100.36,2100.97,2089.97,3289.0,0.4162,3165.0,0.5363,3116.337161,0.565948,3225.219827,0.41985,./audio/raw_data_ampl_norm/L_pl_b_1_ini_ampl_norm.wav,0.117464766,4111.042832726485,0.11544755,8162.603648424544,48.28168738620688,21.143206853636947,0.9694857908282523,88.3473393315287,93.23140033563304,0.9476135616699769
L_pl_b_2,S2,2,2,2089.95,2100.36,2100.97,2089.97,3289.0,0.4162,3165.0,0.5363,3116.337161,0.565948,3225.219827,0.41985,./audio/raw_data_ampl_norm/L_pl_b_2_ini_ampl_norm.wav,0.14257203,4230.0059493525005,0.10381742,8333.250414593698,47.42606557178985,21.34302648773194,0.9694857908282523,88.3473393315287,93.23140033563304,0.9476135616699769
L_pl_b_3,S2,2,3,2089.95,2100.36,2100.97,2089.97,3289.0,0.4162,3165.0,0.5363,3116.337161,0.565948,3225.219827,0.41985,./audio/raw_data_ampl_norm/L_pl_b_3_ini_ampl_norm.wav,0.11014827,4149.17296681026,0.039441258,8052.90215588723,41.16174307841165,23.240970509168264,0.9694857908282523,88.3473393315287,93.23140033563304,0.9476135616699769
L_pl_b_4,S2,2,4,2089.95,2100.36,2100.97,2089.97,3289.0,0.4162,3165.0,0.5363,3116.337161,0.565948,3225.219827,0.41985,./audio/raw_data_ampl_norm/L_pl_b_4_ini_ampl_norm.wav,0.13759592,4158.453508289749,0.094144344,8227.611940298508,40.240262310430666,20.996764068615125,0.9694857908282523,88.3473393315287,93.23140033563304,0.9476135616699769
L_pl_b_5,S2,2,5,2089.95,2100.36,2100.97,2089.97,3289.0,0.4162,3165.0,0.5363,3116.337161,0.565948,3225.219827,0.41985,./audio/raw_data_ampl_norm/L_pl_b_5_ini_ampl_norm.wav,0.14018227,4198.259777912525,0.1538195,8353.565505804312,44.73101987965299,19.519971257644812,0.9694857908282523,88.3473393315287,93.23140033563304,0.9476135616699769
L_pl_b_6,S2,2,6,2089.95,2100.36,2100.97,2089.97,3289.0,0.4162,3165.0,0.5363,3116.337161,0.565948,3225.219827,0.41985,./audio/raw_data_ampl_norm/L_pl_b_6_ini_ampl_norm.wav,0.1314798,4239.856780823272,0.07409743,8361.691542288558,38.527322210781364,21.16868809722804,0.9694857908282523,88.3473393315287,93.23140033563304,0.9476135616699769
L_pl_b_7,S2,2,7,2089.95,2100.36,2100.97,2089.97,3289.0,0.4162,3165.0,0.5363,3116.337161,0.565948,3225.219827,0.41985,./audio/raw_data_ampl_norm/L_pl_b_7_ini_ampl_norm.wav,0.10921814,3957.73076499506,0.018400092,7630.348258706467,40.164586600138605,25.00684452641999,0.9694857908282523,88.3473393315287,93.23140033563304,0.9476135616699769
L_pl_b_8,S2,2,8,2089.95,2100.36,2100.97,2089.97,3289.0,0.4162,3165.0,0.5363,3116.337161,0.565948,3225.219827,0.41985,./audio/raw_data_ampl_norm/L_pl_b_8_ini_ampl_norm.wav,0.14653032,4149.222498091278,0.050052583,8158.540630182421,41.324921719109696,22.380625580874366,0.9694857908282523,88.3473393315287,93.23140033563304,0.9476135616699769
L_pl_b_9,S2,2,9,2089.95,2100.36,2100.97,2089.97,3289.0,0.4162,3165.0,0.5363,3116.337161,0.565948,3225.219827,0.41985,./audio/raw_data_ampl_norm/L_pl_b_9_ini_ampl_norm.wav,0.13354452,3990.9304568212983,0.023333171,7638.474295190713,39.0112523130782,24.18208646749289,0.9694857908282523,88.3473393315287,93.23140033563304,0.9476135616699769
L_pl_e_1,S3,3,1,1859.11,1864.19,1860.01,1848.91,1665.211513,0.614394,1579.015947,0.686967,1566.539926,0.768571,1645.608748,0.832996,./audio/raw_data_ampl_norm/L_pl_e_1_ini_ampl_norm.wav,0.108190864,4073.9250437510664,0.048696104,8138.2255389718075,40.64909850808308,23.786859085880277,0.9842601543710615,65.05579835825188,72.78369994482996,0.8938237326154642
L_pl_e_2,S3,3,2,1859.11,1864.19,1860.01,1848.91,1665.211513,0.614394,1579.015947,0.686967,1566.539926,0.768571,1645.608748,0.832996,./audio/raw_data_ampl_norm/L_pl_e_2_ini_ampl_norm.wav,0.11929333,3833.2452915641456,0.021520246,8016.334991708126,40.443517655412876,24.183413593966204,0.9842601543710615,65.05579835825188,72.78369994482996,0.8938237326154642
L_pl_e_3,S3,3,3,1859.11,1864.19,1860.01,1848.91,1665.211513,0.614394,1579.015947,0.686967,1566.539926,0.768571,1645.608748,0.832996,./audio/raw_data_ampl_norm/L_pl_e_3_ini_ampl_norm.wav,0.09208434,3743.8943291634905,0.01471337,7065.58872305141,32.041033214919096,25.821616620315915,0.9842601543710615,65.05579835825188,72.78369994482996,0.8938237326154642
L_pl_e_4,S3,3,4,1859.11,1864.19,1860.01,1848.91,1665.211513,0.614394,1579.015947,0.686967,1566.539926,0.768571,1645.608748,0.832996,./audio/raw_data_ampl_norm/L_pl_e_4_ini_ampl_norm.wav,0.105621286,3793.8082480419052,0.01628454,7540.961857379768,41.37247314156331,24.889676198673882,0.9842601543710615,65.05579835825188,72.78369994482996,0.8938237326154642
L_pl_e_5,S3,3,5,1859.11,1864.19,1860.01,1848.91,1665.211513,0.614394,1579.015947,0.686967,1566.539926,0.768571,1645.608748,0.832996,./audio/raw_data_ampl_norm/L_pl_e_5_ini_ampl_norm.wav,0.09915225,3838.1929230558712,0.019885162,7829.436152570481,42.162221957049084,24.168635750095213,0.9842601543710615,65.05579835825188,72.78369994482996,0.8938237326154642
L_pl_e_6,S3,3,6,1859.11,1864.19,1860.01,1848.91,1665.211513,0.614394,1579.015947,0.686967,1566.539926,0.768571,1645.608748,0.832996,./audio/raw_data_ampl_norm/L_pl_e_6_ini_ampl_norm.wav,0.09278377,3698.324863532935,0.0057645855,6439.883913764511,31.821772297556485,27.659231151586045,0.9842601543710615,65.05579835825188,72.78369994482996,0.8938237326154642
L_pl_e_7,S3,3,7,1859.11,1864.19,1860.01,1848.91,1665.211513,0.614394,1579.015947,0.686967,1566.539926,0.768571,1645.608748,0.832996,./audio/raw_data_ampl_norm/L_pl_e_7_ini_ampl_norm.wav,0.10520013,3749.203693196427,0.038057894,7967.5787728026535,43.50681772376339,23.65759962577111,0.9842601543710615,65.05579835825188,72.78369994482996,0.8938237326154642
L_pl_e_8,S3,3,8,1859.11,1864.19,1860.01,1848.91,1665.211513,0.614394,1579.015947,0.686967,1566.539926,0.768571,1645.608748,0.832996,./audio/raw_data_ampl_norm/L_pl_e_8_ini_ampl_norm.wav,0.08543453,3825.6650333922644,0.029747533,7926.948590381426,37.545749817921944,23.724172345452683,0.9842601543710615,65.05579835825188,72.78369994482996,0.8938237326154642
L_pl_e_9,S3,3,9,1859.11,1864.19,1860.01,1848.91,1665.211513,0.614394,1579.015947,0.686967,1566.539926,0.768571,1645.608748,0.832996,./audio/raw_data_ampl_norm/L_pl_e_9_ini_ampl_norm.wav,0.10158413,3644.5581235012705,0.012703933,6825.870646766169,35.899425969119825,26.720038377896405,0.9842601543710615,65.05579835825188,72.78369994482996,0.8938237326154642
L_pt_a2_1,S4,4,1,592.19,595.85,595.58,591.58,5750.0,0.4005,5519.0,0.8356,5313.904427,1.026652,5624.842602,0.553029,./audio/raw_data_ampl_norm/L_pt_a2_1_ini_ampl_norm.wav,0.10633063,4598.148249970197,0.33393717,8694.85903814262,34.9119064555652,17.895041502834154,0.9270575393649986,48.701994444076476,59.83724269985638,0.8139077311494062
L_pt_a2_2,S4,4,2,592.19,595.85,595.58,591.58,5750.0,0.4005,5519.0,0.8356,5313.904427,1.026652,5624.842602,0.553029,./audio/raw_data_ampl_norm/L_pt_a2_2_ini_ampl_norm.wav,0.10185131,4639.603611701214,0.25436905,8625.787728026535,37.430061270201605,18.93566799546743,0.9270575393649986,48.701994444076476,59.83724269985638,0.8139077311494062
L_pt_a2_3,S4,4,3,592.19,595.85,595.58,591.58,5750.0,0.4005,5519.0,0.8356,5313.904427,1.026652,5624.842602,0.553029,./audio/raw_data_ampl_norm/L_pt_a2_3_ini_ampl_norm.wav,0.11248627,4738.731491168858,0.19998798,8601.409618573798,37.280533752255046,20.42723452744862,0.9270575393649986,48.701994444076476,59.83724269985638,0.8139077311494062
L_pt_a3_1,S5,5,1,619.04,622.77,622.71,618.7,5372.0,0.3811,5170.0,0.8609,5046.659326,0.880859,5286.781791,0.923733,./audio/raw_data_ampl_norm/L_pt_a3_1_ini_ampl_norm.wav,0.11028633,4567.9434051520475,0.18896545,8524.212271973465,38.598340099611534,18.94550914727356,0.9528551624908909,56.762773610759496,58.07875479149727,0.9773414360300571
L_pt_a3_2,S5,5,2,619.04,622.77,622.71,618.7,5372.0,0.3811,5170.0,0.8609,5046.659326,0.880859,5286.781791,0.923733,./audio/raw_data_ampl_norm/L_pt_a3_2_ini_ampl_norm.wav,0.10309485,4752.360233567448,0.07149519,8414.510779436152,30.528405677072687,22.108523197963667,0.9528551624908909,56.762773610759496,58.07875479149727,0.9773414360300571
L_pt_a3_3,S5,5,3,619.04,622.77,622.71,618.7,5372.0,0.3811,5170.0,0.8609,5046.659326,0.880859,5286.781791,0.923733,./audio/raw_data_ampl_norm/L_pt_a3_3_ini_ampl_norm.wav,0.109860376,4491.205777743829,0.062231563,8065.091210613598,34.44569882342975,22.227284843764092,0.9528551624908909,56.762773610759496,58.07875479149727,0.9773414360300571
L_pt_a4_1,S6,6,1,614.83,618.79,618.26,614.38,5804.0,0.4269,5550.0,1.043,5350.004777,1.08274,5687.73804,0.404135,./audio/raw_data_ampl_norm/L_pt_a4_1_ini_ampl_norm.wav,0.10375868,4724.960661573696,0.20507203,8581.094527363184,31.58469104150951,18.720798021780677,0.9292281832293748,46.179138112566264,47.93863854266539,0.9632968210281323
L_pt_a4_2,S6,6,2,614.83,618.79,618.26,614.38,5804.0,0.4269,5550.0,1.043,5350.004777,1.08274,5687.73804,0.404135,./audio/raw_data_ampl_norm/L_pt_a4_2_ini_ampl_norm.wav,0.103327766,4733.68024805144,0.16935863,8532.33830845771,31.6195606796805,20.080373403290864,0.9292281832293748,46.179138112566264,47.93863854266539,0.9632968210281323
L_pt_a4_3,S6,6,3,614.83,618.79,618.26,614.38,5804.0,0.4269,5550.0,1.043,5350.004777,1.08274,5687.73804,0.404135,./audio/raw_data_ampl_norm/L_pt_a4_3_ini_ampl_norm.wav,0.10397422,4796.041480530145,0.10991564,8414.510779436152,34.092917951269165,21.3460679935171,0.9292281832293748,46.179138112566264,47.93863854266539,0.9632968210281323
L_pt_b2_1,S7,7,1,381.59,383.91,383.64,381.52,5447.0,0.4508,5313.0,0.607,5270.619718,0.746196,5376.053898,2.168966,./audio/raw_data_ampl_norm/L_pt_b2_1_ini_ampl_norm.wav,0.13346201,4642.689033385315,0.12526281,8499.83416252073,37.82015807204785,20.655929011178333,0.9841101997727998,67.0065237551528,82.37232289950576,0.813459198387555
L_pt_b2_2,S7,7,2,381.59,383.91,383.64,381.52,5447.0,0.4508,5313.0,0.607,5270.619718,0.746196,5376.053898,2.168966,./audio/raw_data_ampl_norm/L_pt_b2_2_ini_ampl_norm.wav,0.12057205,4510.558572468135,0.038757782,8008.20895522388,35.50956136561081,23.085649571200232,0.9841101997727998,67.0065237551528,82.37232289950576,0.813459198387555
L_pt_e2_1,S8,8,1,370.4,372.65,372.51,370.3,3370.0,0.6298,3252.0,0.8499,3238.966638,0.924462,3361.174649,0.823361,./audio/raw_data_ampl_norm/L_pt_e2_1_ini_ampl_norm.wav,0.16010103,4082.2825308637057,0.0059925355,7536.898839137645,44.15052528698607,25.537057687656894,0.9920004646659887,54.08551135687567,58.83045064125191,0.9193455220441727
L_pt_e2_2,S8,8,2,370.4,372.65,372.51,370.3,3370.0,0.6298,3252.0,0.8499,3238.966638,0.924462,3361.174649,0.823361,./audio/raw_data_ampl_norm/L_pt_e2_2_ini_ampl_norm.wav,0.16177598,4245.563883313764,0.008303465,7971.641791044776,33.04738276309202,24.872632705623364,0.9920004646659887,54.08551135687567,58.83045064125191,0.9193455220441727
L_pt_e2_3,S8,8,3,370.4,372.65,372.51,370.3,3370.0,0.6298,3252.0,0.8499,3238.966638,0.924462,3361.174649,0.823361,./audio/raw_data_ampl_norm/L_pt_e2_3_ini_ampl_norm.wav,0.1457433,4069.040927748086,0.014885271,7870.066334991708,33.31960245652049,24.648213676873276,0.9920004646659887,54.08551135687567,58.83045064125191,0.9193455220441727
L_pt_e3_1,S9,9,1,392.69,395.04,394.42,392.16,3622.0,0.3816,3494.0,0.7959,3496.006903,0.658781,3640.857381,1.575272,./audio/raw_data_ampl_norm/L_pt_e3_1_ini_ampl_norm.wav,0.13970959,4343.81418410664,0.028033312,8174.792703150912,38.02268062837281,23.516832795402237,1.001149100954785,75.89775661411,62.821962558110314,1.208140489783403
L_pt_e3_2,S9,9,2,392.69,395.04,394.42,392.16,3622.0,0.3816,3494.0,0.7959,3496.006903,0.658781,3640.857381,1.575272,./audio/raw_data_ampl_norm/L_pt_e3_2_ini_ampl_norm.wav,0.14184372,4170.4965668798295,0.013291119,7825.373134328358,30.97283029869264,24.778451358851452,1.001149100954785,75.89775661411,62.821962558110314,1.208140489783403
L_pt_e3_3,S9,9,3,392.69,395.04,394.42,392.16,3622.0,0.3816,3494.0,0.7959,3496.006903,0.658781,3640.857381,1.575272,./audio/raw_data_ampl_norm/L_pt_e3_3_ini_ampl_norm.wav,0.13312836,4146.934909621625,0.019219607,7874.12935323383,30.775975854481935,23.499655640654694,1.001149100954785,75.89775661411,62.821962558110314,1.208140489783403
L_pt_e4_1,S10,10,1,344.41,346.52,346.01,343.84,3115.0,0.8322,2980.149804,0.966569,2954.945409,0.682226,3075.451996,1.295235,./audio/raw_data_ampl_norm/L_pt_e4_1_ini_ampl_norm.wav,0.14466667,3994.874067758072,0.027494643,8036.65008291874,36.709488345945736,23.047745032869255,0.9831566770102674,73.28949644252785,51.72936438060811,1.416787105739154
L_pt_e4_2,S10,10,2,344.41,346.52,346.01,343.84,3115.0,0.8322,2980.149804,0.966569,2954.945409,0.682226,3075.451996,1.295235,./audio/raw_data_ampl_norm/L_pt_e4_2_ini_ampl_norm.wav,0.14063723,4018.8470091476015,0.028082406,7975.704809286899,43.104442978684936,23.416948165513347,0.9831566770102674,73.28949644252785,51.72936438060811,1.416787105739154
L_pt_e4_3,S10,10,3,344.41,346.52,346.01,343.84,3115.0,0.8322,2980.149804,0.966569,2954.945409,0.682226,3075.451996,1.295235,./audio/raw_data_ampl_norm/L_pt_e4_3_ini_ampl_norm.wav,0.13104847,4011.6440305455667,0.016971368,7906.633499170813,34.24448335336775,23.183096460128503,0.9831566770102674,73.28949644252785,51.72936438060811,1.416787105739154
LG_pl_a_1,S30,30,1,3992.44,4018.93,4019.82,3995.74,3271.0,0.2937,3203.0,0.356,3191.232576,0.390951,3248.84396,0.230071,./audio/raw_data_ampl_norm/LG_pl_a_1_ini_ampl_norm.wav,0.13730383,4449.848625080568,0.021354618,8130.099502487562,34.4277561402128,23.829423270604188,0.992665745879979,127.89326539643075,140.4494382022472,0.9106000496225869
LG_pl_a_2,S30,30,2,3992.44,4018.93,4019.82,3995.74,3271.0,0.2937,3203.0,0.356,3191.232576,0.390951,3248.84396,0.230071,./audio/raw_data_ampl_norm/LG_pl_a_2_ini_ampl_norm.wav,0.1638744,4446.143067130702,0.009320224,8077.280265339967,32.534030924816136,24.305020322559002,0.992665745879979,127.89326539643075,140.4494382022472,0.9106000496225869
LG_pl_a_3,S30,30,3,3992.44,4018.93,4019.82,3995.74,3271.0,0.2937,3203.0,0.356,3191.232576,0.390951,3248.84396,0.230071,./audio/raw_data_ampl_norm/LG_pl_a_3_ini_ampl_norm.wav,0.1493026,4505.9628113857525,0.19055331,8646.102819237147,36.52482543938024,19.942776028627357,0.992665745879979,127.89326539643075,140.4494382022472,0.9106000496225869
LG_pl_a_4,S30,30,4,3992.44,4018.93,4019.82,3995.74,3271.0,0.2937,3203.0,0.356,3191.232576,0.390951,3248.84396,0.230071,./audio/raw_data_ampl_norm/LG_pl_a_4_ini_ampl_norm.wav,0.18418483,4405.0954884445955,0.0066197994,7890.381426202322,39.61146041281155,24.956541489375105,0.992665745879979,127.89326539643075,140.4494382022472,0.9106000496225869
LG_pl_a_5,S30,30,5,3992.44,4018.93,4019.82,3995.74,3271.0,0.2937,3203.0,0.356,3191.232576,0.390951,3248.84396,0.230071,./audio/raw_data_ampl_norm/LG_pl_a_5_ini_ampl_norm.wav,0.17864616,4472.983566855663,0.006405396,7983.830845771145,34.03000817917031,24.689258126276204,0.992665745879979,127.89326539643075,140.4494382022472,0.9106000496225869
LG_pl_a_6,S30,30,6,3992.44,4018.93,4019.82,3995.74,3271.0,0.2937,3203.0,0.356,3191.232576,0.390951,3248.84396,0.230071,./audio/raw_data_ampl_norm/LG_pl_a_6_ini_ampl_norm.wav,0.14212967,4574.250596935757,0.022468282,8199.170812603648,37.67718319374246,23.031385567170446,0.992665745879979,127.89326539643075,140.4494382022472,0.9106000496225869
LG_pl_a_7,S30,30,7,3992.44,4018.93,4019.82,3995.74,3271.0,0.2937,3203.0,0.356,3191.232576,0.390951,3248.84396,0.230071,./audio/raw_data_ampl_norm/LG_pl_a_7_ini_ampl_norm.wav,0.13524455,4091.75056508338,0.0026598345,7171.2271973466,38.801260024933256,28.6594536939544,0.992665745879979,127.89326539643075,140.4494382022472,0.9106000496225869
LG_pl_a_8,S30,30,8,3992.44,4018.93,4019.82,3995.74,3271.0,0.2937,3203.0,0.356,3191.232576,0.390951,3248.84396,0.230071,./audio/raw_data_ampl_norm/LG_pl_a_8_ini_ampl_norm.wav,0.18448105,4425.028810452953,0.022226265,8276.36815920398,37.258855718040344,22.570408531803032,0.992665745879979,127.89326539643075,140.4494382022472,0.9106000496225869
LG_pl_a_9,S30,30,9,3992.44,4018.93,4019.82,3995.74,3271.0,0.2937,3203.0,0.356,3191.232576,0.390951,3248.84396,0.230071,./audio/raw_data_ampl_norm/LG_pl_a_9_ini_ampl_norm.wav,0.16488962,4242.438061620076,0.005575128,7638.474295190713,36.696499329749614,26.335436520473586,0.992665745879979,127.89326539643075,140.4494382022472,0.9106000496225869
M_pl_a1_1,S11,11,1,2298.38,2309.98,2311.94,2299.8,2014.886014,0.524576,1955.555341,0.509436,1832.182301,0.82312,1861.886032,0.844448,./audio/raw_data_ampl_norm/M_pl_a1_1_ini_ampl_norm.wav,0.105715446,3816.867960465434,0.00976217,6748.673300165838,37.983679284016624,28.44446709980707,0.8778031714141326,60.74448440081641,98.14775555712592,0.6189085431042862
M_pl_a1_2,S11,11,2,2298.38,2309.98,2311.94,2299.8,2014.886014,0.524576,1955.555341,0.509436,1832.182301,0.82312,1861.886032,0.844448,./audio/raw_data_ampl_norm/M_pl_a1_2_ini_ampl_norm.wav,0.11238423,3836.0421089318897,0.008474052,7471.890547263682,33.734425934078445,25.048651169401353,0.8778031714141326,60.74448440081641,98.14775555712592,0.6189085431042862
M_pl_a1_3,S11,11,3,2298.38,2309.98,2311.94,2299.8,2014.886014,0.524576,1955.555341,0.509436,1832.182301,0.82312,1861.886032,0.844448,./audio/raw_data_ampl_norm/M_pl_a1_3_ini_ampl_norm.wav,0.0964487,3694.6956226092047,0.008012734,6622.719734660033,34.6028823999413,27.4568105556738,0.8778031714141326,60.74448440081641,98.14775555712592,0.6189085431042862
M_pl_a1_4,S11,11,4,2298.38,2309.98,2311.94,2299.8,2014.886014,0.524576,1955.555341,0.509436,1832.182301,0.82312,1861.886032,0.844448,./audio/raw_data_ampl_norm/M_pl_a1_4_ini_ampl_norm.wav,0.09704881,3885.4021405021367,0.0049035368,6533.333333333333,34.16995084925231,27.390520639811193,0.8778031714141326,60.74448440081641,98.14775555712592,0.6189085431042862
M_pl_a1_5,S11,11,5,2298.38,2309.98,2311.94,2299.8,2014.886014,0.524576,1955.555341,0.509436,1832.182301,0.82312,1861.886032,0.844448,./audio/raw_data_ampl_norm/M_pl_a1_5_ini_ampl_norm.wav,0.1198202,3948.9424728827917,0.017828306,8081.3432835820895,41.83037842183024,23.345002062695464,0.8778031714141326,60.74448440081641,98.14775555712592,0.6189085431042862
M_pl_a1_6,S11,11,6,2298.38,2309.98,2311.94,2299.8,2014.886014,0.524576,1955.555341,0.509436,1832.182301,0.82312,1861.886032,0.844448,./audio/raw_data_ampl_norm/M_pl_a1_6_ini_ampl_norm.wav,0.116438225,3676.1845981017573,0.005556834,6964.013266998341,36.21946022024587,26.72644322306347,0.8778031714141326,60.74448440081641,98.14775555712592,0.6189085431042862
M_pl_a1_7,S11,11,7,2298.38,2309.98,2311.94,2299.8,2014.886014,0.524576,1955.555341,0.509436,1832.182301,0.82312,1861.886032,0.844448,./audio/raw_data_ampl_norm/M_pl_a1_7_ini_ampl_norm.wav,0.10540711,3621.216349619227,0.004856091,6066.086235489221,36.219556929649414,28.894758693797804,0.8778031714141326,60.74448440081641,98.14775555712592,0.6189085431042862
M_pl_a1_8,S11,11,8,2298.38,2309.98,2311.94,2299.8,2014.886014,0.524576,1955.555341,0.509436,1832.182301,0.82312,1861.886032,0.844448,./audio/raw_data_ampl_norm/M_pl_a1_8_ini_ampl_norm.wav,0.107402705,3954.5593183992023,0.036241923,7955.389718076285,41.49453662988217,22.979656770766642,0.8778031714141326,60.74448440081641,98.14775555712592,0.6189085431042862
M_pl_a1_9,S11,11,9,2298.38,2309.98,2311.94,2299.8,2014.886014,0.524576,1955.555341,0.509436,1832.182301,0.82312,1861.886032,0.844448,./audio/raw_data_ampl_norm/M_pl_a1_9_ini_ampl_norm.wav,0.09489456,3655.3459363682077,0.008611647,6537.396351575456,37.26509011911233,27.326608512268905,0.8778031714141326,60.74448440081641,98.14775555712592,0.6189085431042862
M_pl_a2_1,S12,12,1,2291.54,2304.16,2301.02,2288.35,1531.468471,1.218534,1523.199245,1.825162,1395.845567,5.616028,1101.290582,5.592593,./audio/raw_data_ampl_norm/M_pl_a2_1_ini_ampl_norm.wav,0.098188356,4157.893842324175,0.03685389,8117.910447761194,38.76249588476013,22.16243524318411,0.8397718484288234,8.903089514510967,27.39482851385247,0.3249916132896773
M_pl_a2_2,S12,12,2,2291.54,2304.16,2301.02,2288.35,1531.468471,1.218534,1523.199245,1.825162,1395.845567,5.616028,1101.290582,5.592593,./audio/raw_data_ampl_norm/M_pl_a2_2_ini_ampl_norm.wav,0.11225587,3979.3023102192983,0.010946746,7890.381426202322,32.114960797787234,24.53050392902309,0.8397718484288234,8.903089514510967,27.39482851385247,0.3249916132896773
M_pl_a2_3,S12,12,3,2291.54,2304.16,2301.02,2288.35,1531.468471,1.218534,1523.199245,1.825162,1395.845567,5.616028,1101.290582,5.592593,./audio/raw_data_ampl_norm/M_pl_a2_3_ini_ampl_norm.wav,0.106359616,4221.28645598622,0.030514508,8365.75456053068,33.57714544028631,22.161166011472346,0.8397718484288234,8.903089514510967,27.39482851385247,0.3249916132896773
M_pl_a2_4,S12,12,4,2291.54,2304.16,2301.02,2288.35,1531.468471,1.218534,1523.199245,1.825162,1395.845567,5.616028,1101.290582,5.592593,./audio/raw_data_ampl_norm/M_pl_a2_4_ini_ampl_norm.wav,0.13063805,3804.3976703339154,0.01593093,7719.7346600331675,37.0675217055802,23.948320114785904,0.8397718484288234,8.903089514510967,27.39482851385247,0.3249916132896773
M_pl_a2_5,S12,12,5,2291.54,2304.16,2301.02,2288.35,1531.468471,1.218534,1523.199245,1.825162,1395.845567,5.616028,1101.290582,5.592593,./audio/raw_data_ampl_norm/M_pl_a2_5_ini_ampl_norm.wav,0.123704776,4019.6368439393436,0.027236322,8186.98175787728,42.95495157396325,22.95663844014746,0.8397718484288234,8.903089514510967,27.39482851385247,0.3249916132896773
M_pl_a2_6,S12,12,6,2291.54,2304.16,2301.02,2288.35,1531.468471,1.218534,1523.199245,1.825162,1395.845567,5.616028,1101.290582,5.592593,./audio/raw_data_ampl_norm/M_pl_a2_6_ini_ampl_norm.wav,0.14195493,3816.9136394799716,0.012114821,7857.87728026534,41.06662421811132,24.14831581796081,0.8397718484288234,8.903089514510967,27.39482851385247,0.3249916132896773
M_pl_a2_7,S12,12,7,2291.54,2304.16,2301.02,2288.35,1531.468471,1.218534,1523.199245,1.825162,1395.845567,5.616028,1101.290582,5.592593,./audio/raw_data_ampl_norm/M_pl_a2_7_ini_ampl_norm.wav,0.10275536,3902.700087915364,0.030704387,8077.280265339967,38.088864981744166,22.43323938490433,0.8397718484288234,8.903089514510967,27.39482851385247,0.3249916132896773
M_pl_a2_8,S12,12,8,2291.54,2304.16,2301.02,2288.35,1531.468471,1.218534,1523.199245,1.825162,1395.845567,5.616028,1101.290582,5.592593,./audio/raw_data_ampl_norm/M_pl_a2_8_ini_ampl_norm.wav,0.092876926,4058.3082338028807,0.08314218,8264.179104477611,42.799859942372755,21.498582176914567,0.8397718484288234,8.903089514510967,27.39482851385247,0.3249916132896773
M_pl_a2_9,S12,12,9,2291.54,2304.16,2301.02,2288.35,1531.468471,1.218534,1523.199245,1.825162,1395.845567,5.616028,1101.290582,5.592593,./audio/raw_data_ampl_norm/M_pl_a2_9_ini_ampl_norm.wav,0.06715106,3964.9917497829024,0.073069654,8036.65008291874,39.22447734096653,21.82296878939095,0.8397718484288234,8.903089514510967,27.39482851385247,0.3249916132896773
M_pl_b_1,S13,13,1,2362.45,2375.86,2376.4,2362.31,2060.244079,0.342073,2000.822838,0.42474,2005.202916,0.555311,2064.936877,0.866313,./audio/raw_data_ampl_norm/M_pl_b_1_ini_ampl_norm.wav,0.10661559,3832.804844109906,0.027742224,7979.767827529022,43.01667792945957,23.945478487882976,1.0043830690204827,90.039635447524,117.71907519894525,0.7648686951996269
M_pl_b_2,S13,13,2,2362.45,2375.86,2376.4,2362.31,2060.244079,0.342073,2000.822838,0.42474,2005.202916,0.555311,2064.936877,0.866313,./audio/raw_data_ampl_norm/M_pl_b_2_ini_ampl_norm.wav,0.15154505,3878.3821926677338,0.018656481,7987.8938640132665,42.32137846345805,22.93179619306901,1.0043830690204827,90.039635447524,117.71907519894525,0.7648686951996269
M_pl_b_3,S13,13,3,2362.45,2375.86,2376.4,2362.31,2060.244079,0.342073,2000.822838,0.42474,2005.202916,0.555311,2064.936877,0.866313,./audio/raw_data_ampl_norm/M_pl_b_3_ini_ampl_norm.wav,0.0938989,3804.9571490029703,0.01173247,7020.895522388059,37.46346458800299,26.335793600124443,1.0043830690204827,90.039635447524,117.71907519894525,0.7648686951996269
M_pl_b_4,S13,13,4,2362.45,2375.86,2376.4,2362.31,2060.244079,0.342073,2000.822838,0.42474,2005.202916,0.555311,2064.936877,0.866313,./audio/raw_data_ampl_norm/M_pl_b_4_ini_ampl_norm.wav,0.109217204,3932.113348898838,0.017054852,7764.427860696517,37.949873769851315,24.414075407369097,1.0043830690204827,90.039635447524,117.71907519894525,0.7648686951996269
M_pl_b_5,S13,13,5,2362.45,2375.86,2376.4,2362.31,2060.244079,0.342073,2000.822838,0.42474,2005.202916,0.555311,2064.936877,0.866313,./audio/raw_data_ampl_norm/M_pl_b_5_ini_ampl_norm.wav,0.12693433,3893.411288603268,0.020331189,7849.751243781095,43.031221747097376,23.429925378706294,1.0043830690204827,90.039635447524,117.71907519894525,0.7648686951996269
M_pl_b_6,S13,13,6,2362.45,2375.86,2376.4,2362.31,2060.244079,0.342073,2000.822838,0.42474,2005.202916,0.555311,2064.936877,0.866313,./audio/raw_data_ampl_norm/M_pl_b_6_ini_ampl_norm.wav,0.117587075,3889.7925523633603,0.012655295,7622.222222222222,40.141014421968485,24.912399958056287,1.0043830690204827,90.039635447524,117.71907519894525,0.7648686951996269
M_pl_b_7,S13,13,7,2362.45,2375.86,2376.4,2362.31,2060.244079,0.342073,2000.822838,0.42474,2005.202916,0.555311,2064.936877,0.866313,./audio/raw_data_ampl_norm/M_pl_b_7_ini_ampl_norm.wav,0.108274125,3642.7470340662194,0.00858594,6817.744610281924,33.715483684440215,26.879465697315847,1.0043830690204827,90.039635447524,117.71907519894525,0.7648686951996269
M_pl_b_8,S13,13,8,2362.45,2375.86,2376.4,2362.31,2060.244079,0.342073,2000.822838,0.42474,2005.202916,0.555311,2064.936877,0.866313,./audio/raw_data_ampl_norm/M_pl_b_8_ini_ampl_norm.wav,0.13583635,3778.023613999321,0.012256601,7662.8524046434495,40.77898357230454,24.28281861912904,1.0043830690204827,90.039635447524,117.71907519894525,0.7648686951996269
M_pl_b_9,S13,13,9,2362.45,2375.86,2376.4,2362.31,2060.244079,0.342073,2000.822838,0.42474,2005.202916,0.555311,2064.936877,0.866313,./audio/raw_data_ampl_norm/M_pl_b_9_ini_ampl_norm.wav,0.092060976,3655.725585477506,0.017181128,7284.991708126036,41.74031074882397,24.66279809174025,1.0043830690204827,90.039635447524,117.71907519894525,0.7648686951996269
M_pl_c_1,S14,14,1,3691.05,3703.01,3707.27,3694.67,3058.309851,0.275313,2986.0,0.3288,2964.300091,0.436092,3017.978081,0.33892,./audio/raw_data_ampl_norm/M_pl_c_1_ini_ampl_norm.wav,0.1163171,3986.317937887289,0.009980847,7378.441127694859,37.64238881642714,25.916318672549576,0.9855183790825828,114.65470588774846,152.06812652068126,0.7539693459178339
M_pl_c_2,S14,14,2,3691.05,3703.01,3707.27,3694.67,3058.309851,0.275313,2986.0,0.3288,2964.300091,0.436092,3017.978081,0.33892,./audio/raw_data_ampl_norm/M_pl_c_2_ini_ampl_norm.wav,0.15648708,3950.675486818201,0.019362384,7857.87728026534,42.97069665712013,24.26353292250286,0.9855183790825828,114.65470588774846,152.06812652068126,0.7539693459178339
M_pl_c_3,S14,14,3,3691.05,3703.01,3707.27,3694.67,3058.309851,0.275313,2986.0,0.3288,2964.300091,0.436092,3017.978081,0.33892,./audio/raw_data_ampl_norm/M_pl_c_3_ini_ampl_norm.wav,0.10818114,3996.6124967937985,0.014738619,7622.222222222222,36.95629030725674,25.64079570181404,0.9855183790825828,114.65470588774846,152.06812652068126,0.7539693459178339
M_pl_c_4,S14,14,4,3691.05,3703.01,3707.27,3694.67,3058.309851,0.275313,2986.0,0.3288,2964.300091,0.436092,3017.978081,0.33892,./audio/raw_data_ampl_norm/M_pl_c_4_ini_ampl_norm.wav,0.1476046,4068.218971240619,0.01212089,7756.301824212272,39.85667189890994,24.871378278341837,0.9855183790825828,114.65470588774846,152.06812652068126,0.7539693459178339
M_pl_c_5,S14,14,5,3691.05,3703.01,3707.27,3694.67,3058.309851,0.275313,2986.0,0.3288,2964.300091,0.436092,3017.978081,0.33892,./audio/raw_data_ampl_norm/M_pl_c_5_ini_ampl_norm.wav,0.15768005,4135.284065500632,0.016325383,7906.633499170813,38.356976015770165,23.665627770961414,0.9855183790825828,114.65470588774846,152.06812652068126,0.7539693459178339
M_pl_c_6,S14,14,6,3691.05,3703.01,3707.27,3694.67,3058.309851,0.275313,2986.0,0.3288,2964.300091,0.436092,3017.978081,0.33892,./audio/raw_data_ampl_norm/M_pl_c_6_ini_ampl_norm.wav,0.11948099,4087.09125245371,0.010919291,7601.907131011609,36.19178163600193,24.453863437952556,0.9855183790825828,114.65470588774846,152.06812652068126,0.7539693459178339
M_pl_c_7,S14,14,7,3691.05,3703.01,3707.27,3694.67,3058.309851,0.275313,2986.0,0.3288,2964.300091,0.436092,3017.978081,0.33892,./audio/raw_data_ampl_norm/M_pl_c_7_ini_ampl_norm.wav,0.10922059,3855.126373389733,0.0052110683,6748.673300165838,36.240815133112335,27.270079553159654,0.9855183790825828,114.65470588774846,152.06812652068126,0.7539693459178339
M_pl_c_8,S14,14,8,3691.05,3703.01,3707.27,3694.67,3058.309851,0.275313,2986.0,0.3288,2964.300091,0.436092,3017.978081,0.33892,./audio/raw_data_ampl_norm/M_pl_c_8_ini_ampl_norm.wav,0.15681404,4085.0709308525675,0.0057733576,7557.213930348258,39.62489782712877,25.93624622773595,0.9855183790825828,114.65470588774846,152.06812652068126,0.7539693459178339
M_pl_c_9,S14,14,9,3691.05,3703.01,3707.27,3694.67,3058.309851,0.275313,2986.0,0.3288,2964.300091,0.436092,3017.978081,0.33892,./audio/raw_data_ampl_norm/M_pl_c_9_ini_ampl_norm.wav,0.1225453,4080.285674631184,0.101392426,8239.800995024876,51.47735947111913,21.414356976010186,0.9855183790825828,114.65470588774846,152.06812652068126,0.7539693459178339
M_pl_f_1,S15,15,1,3158.31,3165.2,3168.6,3161.01,2825.27354,0.329002,2773.251915,0.402695,2770.3015,0.379047,2817.472917,0.515376,./audio/raw_data_ampl_norm/M_pl_f_1_ini_ampl_norm.wav,0.11198303,3877.2160939303626,0.005830706,6850.248756218905,33.87157559146303,26.83293789607327,0.9978733662555709,131.9097631692112,124.16344876395287,1.06238804158851
M_pl_f_2,S15,15,2,3158.31,3165.2,3168.6,3161.01,2825.27354,0.329002,2773.251915,0.402695,2770.3015,0.379047,2817.472917,0.515376,./audio/raw_data_ampl_norm/M_pl_f_2_ini_ampl_norm.wav,0.14802065,4204.638171229983,0.010457316,8008.20895522388,41.78257541439649,24.010531942287436,0.9978733662555709,131.9097631692112,124.16344876395287,1.06238804158851
M_pl_f_3,S15,15,3,3158.31,3165.2,3168.6,3161.01,2825.27354,0.329002,2773.251915,0.402695,2770.3015,0.379047,2817.472917,0.515376,./audio/raw_data_ampl_norm/M_pl_f_3_ini_ampl_norm.wav,0.10846785,3921.0823728681776,0.0049022576,6793.366500829187,28.77004794840334,27.362072876710812,0.9978733662555709,131.9097631692112,124.16344876395287,1.06238804158851
M_pl_f_4,S15,15,4,3158.31,3165.2,3168.6,3161.01,2825.27354,0.329002,2773.251915,0.402695,2770.3015,0.379047,2817.472917,0.515376,./audio/raw_data_ampl_norm/M_pl_f_4_ini_ampl_norm.wav,0.12796122,4212.0532773898885,0.006570598,7569.4029850746265,31.481438237711657,24.972062839081424,0.9978733662555709,131.9097631692112,124.16344876395287,1.06238804158851
M_pl_f_5,S15,15,5,3158.31,3165.2,3168.6,3161.01,2825.27354,0.329002,2773.251915,0.402695,2770.3015,0.379047,2817.472917,0.515376,./audio/raw_data_ampl_norm/M_pl_f_5_ini_ampl_norm.wav,0.14287232,4353.002969164263,0.09391186,8597.346600331675,40.10497120349717,20.658744012041158,0.9978733662555709,131.9097631692112,124.16344876395287,1.06238804158851
M_pl_f_6,S15,15,6,3158.31,3165.2,3168.6,3161.01,2825.27354,0.329002,2773.251915,0.402695,2770.3015,0.379047,2817.472917,0.515376,./audio/raw_data_ampl_norm/M_pl_f_6_ini_ampl_norm.wav,0.12820032,4261.911349202215,0.012786413,8032.587064676617,33.43216868706387,24.237375164548155,0.9978733662555709,131.9097631692112,124.16344876395287,1.06238804158851
M_pl_f_7,S15,15,7,3158.31,3165.2,3168.6,3161.01,2825.27354,0.329002,2773.251915,0.402695,2770.3015,0.379047,2817.472917,0.515376,./audio/raw_data_ampl_norm/M_pl_f_7_ini_ampl_norm.wav,0.12136271,3763.485741155314,0.00369474,6813.681592039801,35.06663050944201,27.952369496005417,0.9978733662555709,131.9097631692112,124.16344876395287,1.06238804158851
M_pl_f_8,S15,15,8,3158.31,3165.2,3168.6,3161.01,2825.27354,0.329002,2773.251915,0.402695,2770.3015,0.379047,2817.472917,0.515376,./audio/raw_data_ampl_norm/M_pl_f_8_ini_ampl_norm.wav,0.1419821,3826.878578149455,0.0020716174,6618.6567164179105,37.352459752763664,28.61352799323357,0.9978733662555709,131.9097631692112,124.16344876395287,1.06238804158851
M_pl_f_9,S15,15,9,3158.31,3165.2,3168.6,3161.01,2825.27354,0.329002,2773.251915,0.402695,2770.3015,0.379047,2817.472917,0.515376,./audio/raw_data_ampl_norm/M_pl_f_9_ini_ampl_norm.wav,0.1128114,3801.665855827025,0.004734219,6943.698175787728,32.98437273220688,26.626955347623966,0.9978733662555709,131.9097631692112,124.16344876395287,1.06238804158851
M_pt_a2_1,S16,16,1,406.72,408.97,409.1,406.6,4472.0,0.5842,4404.0,0.9945,3786.597951,1.935203,1653.087532,7.785392,./audio/raw_data_ampl_norm/M_pt_a2_1_ini_ampl_norm.wav,0.09425858,4327.667468764175,0.22819571,8483.58208955224,39.145583727423194,19.450758405448383,0.7392711709174777,25.837082724654724,50.27652086475616,0.5138995753933825
M_pt_a2_2,S16,16,2,406.72,408.97,409.1,406.6,4472.0,0.5842,4404.0,0.9945,3786.597951,1.935203,1653.087532,7.785392,./audio/raw_data_ampl_norm/M_pt_a2_2_ini_ampl_norm.wav,0.10312728,4282.806285130773,0.23534988,8243.864013266999,39.88468299338908,19.130390192857426,0.7392711709174777,25.837082724654724,50.27652086475616,0.5138995753933825
M_pt_a2_3,S16,16,3,406.72,408.97,409.1,406.6,4472.0,0.5842,4404.0,0.9945,3786.597951,1.935203,1653.087532,7.785392,./audio/raw_data_ampl_norm/M_pt_a2_3_ini_ampl_norm.wav,0.092326604,4274.124518423533,0.23944332,8434.825870646766,43.85395352193938,18.777198750062276,0.7392711709174777,25.837082724654724,50.27652086475616,0.5138995753933825
M_pt_a3_1,S17,17,1,400.5,402.79,402.82,400.48,4498.0,0.2363,4388.0,0.5915,4234.542892,0.70533,4292.952372,0.821473,./audio/raw_data_ampl_norm/M_pt_a3_1_ini_ampl_norm.wav,0.13713506,4327.007819025892,0.09496779,8312.935323383084,37.61866491543904,20.790301803914073,0.9312790530997631,70.88880382232429,84.53085376162299,0.8386145492180964
M_pt_a3_2,S17,17,2,400.5,402.79,402.82,400.48,4498.0,0.2363,4388.0,0.5915,4234.542892,0.70533,4292.952372,0.821473,./audio/raw_data_ampl_norm/M_pt_a3_2_ini_ampl_norm.wav,0.13532472,4298.037641395151,0.027209977,7922.885572139304,40.517403725360765,24.25636358848743,0.9312790530997631,70.88880382232429,84.53085376162299,0.8386145492180964
M_pt_a3_3,S17,17,3,400.5,402.79,402.82,400.48,4498.0,0.2363,4388.0,0.5915,4234.542892,0.70533,4292.952372,0.821473,./audio/raw_data_ampl_norm/M_pt_a3_3_ini_ampl_norm.wav,0.1286931,4420.029690342017,0.032364104,8219.485903814262,41.40986033144058,22.934419711958334,0.9312790530997631,70.88880382232429,84.53085376162299,0.8386145492180964
M_pt_a4_1,S18,18,1,395.9,398.37,397.82,395.56,4719.0,0.7873,4596.0,0.8113,4609.862625,0.621888,4710.225148,1.294932,./audio/raw_data_ampl_norm/M_pt_a4_1_ini_ampl_norm.wav,0.1315564,4349.4850473046,0.14557835,8410.44776119403,45.46562681965744,19.840103198694237,1.0060415715756488,80.40032931974889,61.629483544927886,1.3045757435422456
M_pt_a4_2,S18,18,2,395.9,398.37,397.82,395.56,4719.0,0.7873,4596.0,0.8113,4609.862625,0.621888,4710.225148,1.294932,./audio/raw_data_ampl_norm/M_pt_a4_2_ini_ampl_norm.wav,0.12765753,4305.629065020168,0.13538535,8402.321724709784,41.95876082337557,19.758657783290833,1.0060415715756488,80.40032931974889,61.629483544927886,1.3045757435422456
M_pt_a4_3,S18,18,3,395.9,398.37,397.82,395.56,4719.0,0.7873,4596.0,0.8113,4609.862625,0.621888,4710.225148,1.294932,./audio/raw_data_ampl_norm/M_pt_a4_3_ini_ampl_norm.wav,0.12827022,4293.908317636046,0.12656452,8341.376451077944,42.45748926387485,20.59837994876544,1.0060415715756488,80.40032931974889,61.629483544927886,1.3045757435422456
M_pt_b2_1,S19,19,1,415.23,418.31,416.18,413.45,4536.0,0.4171,4411.0,0.7588,4414.547779,0.553551,4509.984169,0.52142,./audio/raw_data_ampl_norm/M_pt_b2_1_ini_ampl_norm.wav,0.1282329,4618.581464311592,0.036641855,8373.880597014926,34.54395542210712,22.061166129138346,1.0016092522076765,90.32591396276042,65.89351607801792,1.3707860702988521
M_pt_b2_2,S19,19,2,415.23,418.31,416.18,413.45,4536.0,0.4171,4411.0,0.7588,4414.547779,0.553551,4509.984169,0.52142,./audio/raw_data_ampl_norm/M_pt_b2_2_ini_ampl_norm.wav,0.12751411,4307.519996147088,0.029363375,7943.200663349917,37.79934402856199,23.399067511273216,1.0016092522076765,90.32591396276042,65.89351607801792,1.3707860702988521
M_pt_b2_3,S19,19,3,415.23,418.31,416.18,413.45,4536.0,0.4171,4411.0,0.7588,4414.547779,0.553551,4509.984169,0.52142,./audio/raw_data_ampl_norm/M_pt_b2_3_ini_ampl_norm.wav,0.12849608,4266.108811714497,0.012833799,7618.159203980099,31.388229164700334,25.821752666916264,1.0016092522076765,90.32591396276042,65.89351607801792,1.3707860702988521
M_pt_b3_1,S20,20,1,387.08,389.91,388.16,0.0,4571.0,0.3748,4462.0,0.7244,3491.377094,4.810917,0.0,0.0,./audio/raw_data_ampl_norm/M_pt_b3_1_ini_ampl_norm.wav,0.1310064,4689.968809477294,0.037448756,8418.573797678275,32.40107614909144,22.112088414014522,0.612257881862893,10.39302902128638,69.02263942573164,0.15057420446039707
M_pt_b3_2,S20,20,2,387.08,389.91,388.16,0.0,4571.0,0.3748,4462.0,0.7244,3491.377094,4.810917,0.0,0.0,./audio/raw_data_ampl_norm/M_pt_b3_2_ini_ampl_norm.wav,0.13086793,4533.827060794163,0.016970538,7922.885572139304,32.027938013936016,24.349743020503578,0.612257881862893,10.39302902128638,69.02263942573164,0.15057420446039707
M_pt_b3_3,S20,20,3,387.08,389.91,388.16,0.0,4571.0,0.3748,4462.0,0.7244,3491.377094,4.810917,0.0,0.0,./audio/raw_data_ampl_norm/M_pt_b3_3_ini_ampl_norm.wav,0.1315819,4487.1280250884,0.07842706,8341.376451077944,33.650194406350764,20.801629795544866,0.612257881862893,10.39302902128638,69.02263942573164,0.15057420446039707
M_pt_b4_1,S21,21,1,461.26,463.84,463.18,461.14,4823.929005,0.448384,4706.268518,0.687095,4718.767208,0.632447,4806.035775,0.460928,./audio/raw_data_ampl_norm/M_pt_b4_1_ini_ampl_norm.wav,0.12718564,4422.432157436279,0.015532322,7727.860696517413,37.886019735841444,23.95836323700562,1.0053185604149868,79.05800802280666,72.77014095576303,1.086407240448607
M_pt_b4_2,S21,21,2,461.26,463.84,463.18,461.14,4823.929005,0.448384,4706.268518,0.687095,4718.767208,0.632447,4806.035775,0.460928,./audio/raw_data_ampl_norm/M_pt_b4_2_ini_ampl_norm.wav,0.12220564,4397.133358335234,0.014680031,7614.096185737977,35.61898910441058,25.288072771590105,1.0053185604149868,79.05800802280666,72.77014095576303,1.086407240448607
M_pt_b4_3,S21,21,3,461.26,463.84,463.18,461.14,4823.929005,0.448384,4706.268518,0.687095,4718.767208,0.632447,4806.035775,0.460928,./audio/raw_data_ampl_norm/M_pt_b4_3_ini_ampl_norm.wav,0.12467024,4440.099573780886,0.013388384,7670.978441127695,33.10878446164651,24.206802155930358,1.0053185604149868,79.05800802280666,72.77014095576303,1.086407240448607
M_pt_c2_1,S22,22,1,770.46,773.34,773.45,770.71,6597.0,0.3265,6472.0,0.5026,6511.467085,0.740086,6579.784775,0.490511,./audio/raw_data_ampl_norm/M_pt_c2_1_ini_ampl_norm.wav,0.10923861,4282.6525258367,0.27025554,8564.842454394693,35.446144187931736,19.092691901963278,1.0122334433466746,67.55971603300156,99.48269001193792,0.6791102655637318
M_pt_c2_2,S22,22,2,770.46,773.34,773.45,770.71,6597.0,0.3265,6472.0,0.5026,6511.467085,0.740086,6579.784775,0.490511,./audio/raw_data_ampl_norm/M_pt_c2_2_ini_ampl_norm.wav,0.10924126,4610.4810725252955,0.23253693,8544.52736318408,30.424370883458927,19.121357763658516,1.0122334433466746,67.55971603300156,99.48269001193792,0.6791102655637318
M_pt_c2_3,S22,22,3,770.46,773.34,773.45,770.71,6597.0,0.3265,6472.0,0.5026,6511.467085,0.740086,6579.784775,0.490511,./audio/raw_data_ampl_norm/M_pt_c2_3_ini_ampl_norm.wav,0.10951388,4716.202101040803,0.37615907,8698.922056384743,35.46280592592295,17.128164628158757,1.0122334433466746,67.55971603300156,99.48269001193792,0.6791102655637318
M_pt_c3_1,S23,23,1,671.97,674.62,674.68,672.02,6197.0,0.3835,6073.0,0.5518,6062.192123,0.558998,6168.036091,0.694609,./audio/raw_data_ampl_norm/M_pt_c3_1_ini_ampl_norm.wav,0.11278191,4637.571188360607,0.03769479,7918.822553897181,35.5718551775734,23.136105366329694,0.996443846591408,89.44575830324975,90.61254077564335,0.9871233886346642
M_pt_c3_2,S23,23,2,671.97,674.62,674.68,672.02,6197.0,0.3835,6073.0,0.5518,6062.192123,0.558998,6168.036091,0.694609,./audio/raw_data_ampl_norm/M_pt_c3_2_ini_ampl_norm.wav,0.11844931,4776.826973518006,0.08845698,8365.75456053068,37.8701268088433,21.497027773931176,0.996443846591408,89.44575830324975,90.61254077564335,0.9871233886346642
M_pt_c3_3,S23,23,3,671.97,674.62,674.68,672.02,6197.0,0.3835,6073.0,0.5518,6062.192123,0.558998,6168.036091,0.694609,./audio/raw_data_ampl_norm/M_pt_c3_3_ini_ampl_norm.wav,0.11463065,4722.110197077536,0.045896288,8069.154228855721,30.64400792490852,22.52087911784317,0.996443846591408,89.44575830324975,90.61254077564335,0.9871233886346642
M_pt_c4_1,S24,24,1,743.79,746.32,745.79,743.06,6406.0,0.4422,6305.0,0.5659,6332.153106,1.155542,6426.79265,0.769807,./audio/raw_data_ampl_norm/M_pt_c4_1_ini_ampl_norm.wav,0.115797944,4471.02337906427,0.23784235,8564.842454394693,46.51420288753827,18.8650604249396,1.0086317445735373,43.26973835654611,88.35483300936562,0.4897268987193888
M_pt_c4_2,S24,24,2,743.79,746.32,745.79,743.06,6406.0,0.4422,6305.0,0.5659,6332.153106,1.155542,6426.79265,0.769807,./audio/raw_data_ampl_norm/M_pt_c4_2_ini_ampl_norm.wav,0.11798593,4937.4985129003535,0.048330862,8219.485903814262,34.37748924197882,22.177421427851055,1.0086317445735373,43.26973835654611,88.35483300936562,0.4897268987193888
M_pt_c4_3,S24,24,3,743.79,746.32,745.79,743.06,6406.0,0.4422,6305.0,0.5659,6332.153106,1.155542,6426.79265,0.769807,./audio/raw_data_ampl_norm/M_pt_c4_3_ini_ampl_norm.wav,0.113704614,4616.776911507748,0.09752429,8227.611940298508,30.04741676270349,21.204675125891683,1.0086317445735373,43.26973835654611,88.35483300936562,0.4897268987193888
P_pl_a_1,S31,31,1,1636.5,1657.55,1656.34,1636.62,3020.0,0.4311,2943.0,0.3937,2854.714907,0.373521,2906.21575,0.454652,./audio/raw_data_ampl_norm/P_pl_a_1_ini_ampl_norm.wav,0.16066577,4186.991069107766,0.005031685,7658.789386401327,37.23091474146988,25.709172990181276,0.940903234654496,133.86128223045023,127.00025400050801,1.054023736282565
P_pl_a_2,S31,31,2,1636.5,1657.55,1656.34,1636.62,3020.0,0.4311,2943.0,0.3937,2854.714907,0.373521,2906.21575,0.454652,./audio/raw_data_ampl_norm/P_pl_a_2_ini_ampl_norm.wav,0.19582662,3934.854573384278,0.0013691273,6817.744610281924,39.27991865119282,27.932077963801696,0.940903234654496,133.86128223045023,127.00025400050801,1.054023736282565
P_pl_a_3,S31,31,3,1636.5,1657.55,1656.34,1636.62,3020.0,0.4311,2943.0,0.3937,2854.714907,0.373521,2906.21575,0.454652,./audio/raw_data_ampl_norm/P_pl_a_3_ini_ampl_norm.wav,0.12649395,3683.006353065187,0.00057236693,4952.819237147595,31.175010621106804,31.53302682018479,0.940903234654496,133.86128223045023,127.00025400050801,1.054023736282565
P_pl_a_4,S31,31,4,1636.5,1657.55,1656.34,1636.62,3020.0,0.4311,2943.0,0.3937,2854.714907,0.373521,2906.21575,0.454652,./audio/raw_data_ampl_norm/P_pl_a_4_ini_ampl_norm.wav,0.19378398,3896.86396615682,0.00055384054,5968.573797678275,30.440342738056234,30.10809249762219,0.940903234654496,133.86128223045023,127.00025400050801,1.054023736282565
P_pl_a_5,S31,31,5,1636.5,1657.55,1656.34,1636.62,3020.0,0.4311,2943.0,0.3937,2854.714907,0.373521,2906.21575,0.454652,./audio/raw_data_ampl_norm/P_pl_a_5_ini_ampl_norm.wav,0.18716934,4139.0575531582945,0.0030348042,7455.6384742951905,44.38461480143038,25.95212936165477,0.940903234654496,133.86128223045023,127.00025400050801,1.054023736282565
P_pl_a_6,S31,31,6,1636.5,1657.55,1656.34,1636.62,3020.0,0.4311,2943.0,0.3937,2854.714907,0.373521,2906.21575,0.454652,./audio/raw_data_ampl_norm/P_pl_a_6_ini_ampl_norm.wav,0.17459448,4061.5800092110567,0.00083164015,6647.097844112769,42.148008939993204,28.612287294553298,0.940903234654496,133.86128223045023,127.00025400050801,1.054023736282565
P_pl_a_7,S31,31,7,1636.5,1657.55,1656.34,1636.62,3020.0,0.4311,2943.0,0.3937,2854.714907,0.373521,2906.21575,0.454652,./audio/raw_data_ampl_norm/P_pl_a_7_ini_ampl_norm.wav,0.13932858,3709.6110038889115,0.00041718016,4648.092868988391,29.685498750199756,32.139001126984596,0.940903234654496,133.86128223045023,127.00025400050801,1.054023736282565
P_pl_a_8,S31,31,8,1636.5,1657.55,1656.34,1636.62,3020.0,0.4311,2943.0,0.3937,2854.714907,0.373521,2906.21575,0.454652,./audio/raw_data_ampl_norm/P_pl_a_8_ini_ampl_norm.wav,0.19927822,3953.6641194937442,0.0008458157,6622.719734660033,41.8987410385476,29.341785229102882,0.940903234654496,133.86128223045023,127.00025400050801,1.054023736282565
P_pl_a_9,S31,31,9,1636.5,1657.55,1656.34,1636.62,3020.0,0.4311,2943.0,0.3937,2854.714907,0.373521,2906.21575,0.454652,./audio/raw_data_ampl_norm/P_pl_a_9_ini_ampl_norm.wav,0.1572619,3786.7888560210035,0.00085753057,5586.65008291874,36.025792853803246,30.24769831073054,0.940903234654496,133.86128223045023,127.00025400050801,1.054023736282565
S_pl_a_1,S25,25,1,0.0,1965.94,1971.9,0.0,2384.185089,0.305304,2219.0,0.6633,1990.170771,1.152276,0.0,0.0,./audio/raw_data_ampl_norm/S_pl_a_1_ini_ampl_norm.wav,0.14337687,4462.789617138746,0.04765858,8552.653399668325,37.273204437962015,22.011977080354963,0.8043889254489901,43.392381686332094,75.38067239559777,0.5756433354508815
S_pl_a_2,S25,25,2,0.0,1965.94,1971.9,0.0,2384.185089,0.305304,2219.0,0.6633,1990.170771,1.152276,0.0,0.0,./audio/raw_data_ampl_norm/S_pl_a_2_ini_ampl_norm.wav,0.17232041,4387.163796361313,0.020409208,8353.565505804312,32.049131572573856,22.596548262796535,0.8043889254489901,43.392381686332094,75.38067239559777,0.5756433354508815
S_pl_a_3,S25,25,3,0.0,1965.94,1971.9,0.0,2384.185089,0.305304,2219.0,0.6633,1990.170771,1.152276,0.0,0.0,./audio/raw_data_ampl_norm/S_pl_a_3_ini_ampl_norm.wav,0.12291317,4325.127660571706,0.07067767,8247.927031509122,41.70091046885082,21.60287025405108,0.8043889254489901,43.392381686332094,75.38067239559777,0.5756433354508815
S_pl_a_4,S25,25,4,0.0,1965.94,1971.9,0.0,2384.185089,0.305304,2219.0,0.6633,1990.170771,1.152276,0.0,0.0,./audio/raw_data_ampl_norm/S_pl_a_4_ini_ampl_norm.wav,0.14938058,3950.995893709309,0.0024382712,7199.668325041459,35.334717241136666,27.11488116702893,0.8043889254489901,43.392381686332094,75.38067239559777,0.5756433354508815
S_pl_a_5,S25,25,5,0.0,1965.94,1971.9,0.0,2384.185089,0.305304,2219.0,0.6633,1990.170771,1.152276,0.0,0.0,./audio/raw_data_ampl_norm/S_pl_a_5_ini_ampl_norm.wav,0.13036826,4067.0030613048393,0.004265036,7540.961857379768,38.144552926369094,26.186383557659077,0.8043889254489901,43.392381686332094,75.38067239559777,0.5756433354508815
S_pl_a_6,S25,25,6,0.0,1965.94,1971.9,0.0,2384.185089,0.305304,2219.0,0.6633,1990.170771,1.152276,0.0,0.0,./audio/raw_data_ampl_norm/S_pl_a_6_ini_ampl_norm.wav,0.13516103,3827.1900062748423,0.00076107687,5468.822553897181,30.33529277890991,30.938215421761992,0.8043889254489901,43.392381686332094,75.38067239559777,0.5756433354508815
S_pl_a_7,S25,25,7,0.0,1965.94,1971.9,0.0,2384.185089,0.305304,2219.0,0.6633,1990.170771,1.152276,0.0,0.0,./audio/raw_data_ampl_norm/S_pl_a_7_ini_ampl_norm.wav,0.13516106,3831.5098601442455,0.00076235586,5472.885572139304,31.728005970535513,30.884876344134064,0.8043889254489901,43.392381686332094,75.38067239559777,0.5756433354508815
S_pl_a_8,S25,25,8,0.0,1965.94,1971.9,0.0,2384.185089,0.305304,2219.0,0.6633,1990.170771,1.152276,0.0,0.0,./audio/raw_data_ampl_norm/S_pl_a_8_ini_ampl_norm.wav,0.13418685,3967.500174270699,0.005421758,7471.890547263682,36.02328134001522,27.650370415052386,0.8043889254489901,43.392381686332094,75.38067239559777,0.5756433354508815
S_pl_a_9,S25,25,9,0.0,1965.94,1971.9,0.0,2384.185089,0.305304,2219.0,0.6633,1990.170771,1.152276,0.0,0.0,./audio/raw_data_ampl_norm/S_pl_a_9_ini_ampl_norm.wav,0.14725094,3822.0136177028603,0.00424338,7366.252072968491,41.20392585727413,27.117849557115175,0.8043889254489901,43.392381686332094,75.38067239559777,0.5756433354508815
S_pl_d_1,S26,26,1,4230.6,4334.35,4343.61,4234.34,3740.0,0.2481,3329.0,0.7683,3119.234401,1.148756,3570.086107,0.465784,./audio/raw_data_ampl_norm/S_pl_d_1_ini_ampl_norm.wav,0.10496309,4605.635991422794,0.24088185,8617.66169154229,38.74559956259529,17.844510881383222,0.8779472715294523,43.52534393726779,65.07874528179097,0.6688104349400569
S_pl_d_2,S26,26,2,4230.6,4334.35,4343.61,4234.34,3740.0,0.2481,3329.0,0.7683,3119.234401,1.148756,3570.086107,0.465784,./audio/raw_data_ampl_norm/S_pl_d_2_ini_ampl_norm.wav,0.11540796,4332.722228456774,0.22990476,8532.33830845771,40.201471533523055,19.610268835810025,0.8779472715294523,43.52534393726779,65.07874528179097,0.6688104349400569
S_pl_d_3,S26,26,3,4230.6,4334.35,4343.61,4234.34,3740.0,0.2481,3329.0,0.7683,3119.234401,1.148756,3570.086107,0.465784,./audio/raw_data_ampl_norm/S_pl_d_3_ini_ampl_norm.wav,0.08697397,4457.939521659595,0.026214257,8093.532338308458,31.688742191244817,23.594191999213443,0.8779472715294523,43.52534393726779,65.07874528179097,0.6688104349400569
S_pl_d_4,S26,26,4,4230.6,4334.35,4343.61,4234.34,3740.0,0.2481,3329.0,0.7683,3119.234401,1.148756,3570.086107,0.465784,./audio/raw_data_ampl_norm/S_pl_d_4_ini_ampl_norm.wav,0.11328449,4770.212468183356,0.2770029,8678.606965174129,33.633652024366086,18.00958442310599,0.8779472715294523,43.52534393726779,65.07874528179097,0.6688104349400569
S_pl_d_6,S26,26,6,4230.6,4334.35,4343.61,4234.34,3740.0,0.2481,3329.0,0.7683,3119.234401,1.148756,3570.086107,0.465784,./audio/raw_data_ampl_norm/S_pl_d_6_ini_ampl_norm.wav,0.11632069,4207.545947693176,0.08378912,8126.036484245439,36.448228192103656,22.09481071943486,0.8779472715294523,43.52534393726779,65.07874528179097,0.6688104349400569
S_pl_d_7,S26,26,7,4230.6,4334.35,4343.61,4234.34,3740.0,0.2481,3329.0,0.7683,3119.234401,1.148756,3570.086107,0.465784,./audio/raw_data_ampl_norm/S_pl_d_7_ini_ampl_norm.wav,0.11221423,4410.764447484615,0.020278128,8016.334991708126,32.19437623083453,23.309929680326473,0.8779472715294523,43.52534393726779,65.07874528179097,0.6688104349400569
S_pl_d_8,S26,26,8,4230.6,4334.35,4343.61,4234.34,3740.0,0.2481,3329.0,0.7683,3119.234401,1.148756,3570.086107,0.465784,./audio/raw_data_ampl_norm/S_pl_d_8_ini_ampl_norm.wav,0.13240266,4392.250042700875,0.12948227,8467.330016583748,35.09392019956245,20.132543444514877,0.8779472715294523,43.52534393726779,65.07874528179097,0.6688104349400569
S_pl_d_9,S26,26,9,4230.6,4334.35,4343.61,4234.34,3740.0,0.2481,3329.0,0.7683,3119.234401,1.148756,3570.086107,0.465784,./audio/raw_data_ampl_norm/S_pl_d_9_ini_ampl_norm.wav,0.11197356,4310.5887862783065,0.07067568,8101.658374792703,36.63909943104223,21.307954394118,0.8779472715294523,43.52534393726779,65.07874528179097,0.6688104349400569
S_pt_d2_1,S27,27,1,617.75,632.41,633.89,617.39,9348.0,0.6028,8630.0,1.47,4537.750205,4.959572,7104.522742,0.681352,./audio/raw_data_ampl_norm/S_pt_d2_1_ini_ampl_norm.wav,0.09763796,4806.225020524331,0.28588417,9178.358208955224,33.69754628744606,19.229555632269616,0.2764773630881192,10.081515098480272,34.01360544217687,0.29639654389532005
S_pt_d2_3,S27,27,3,617.75,632.41,633.89,617.39,9348.0,0.6028,8630.0,1.47,4537.750205,4.959572,7104.522742,0.681352,./audio/raw_data_ampl_norm/S_pt_d2_3_ini_ampl_norm.wav,0.094784275,4803.710550091213,0.31518847,9235.240464344943,28.337492094143542,17.64915990878759,0.2764773630881192,10.081515098480272,34.01360544217687,0.29639654389532005
S_pt_d3_3,S28,28,3,0.0,0.0,0.0,0.0,8478.0,0.9505,7892.0,1.421,5652.558195,6.901939,0.0,0.0,./audio/raw_data_ampl_norm/S_pt_d3_3_ini_ampl_norm.wav,0.108115785,4954.534560796903,0.22083402,8942.703150912106,28.209718143742148,18.55860501344237,0.5129983063915708,7.244341046769612,35.186488388458834,0.20588417254919236
S_pt_d4_2,S29,29,2,0.0,0.0,0.0,0.0,9207.0,0.899,8621.0,1.066,4549.123918,2.330161,0.0,0.0,./audio/raw_data_ampl_norm/S_pt_d4_2_ini_ampl_norm.wav,0.090030394,4677.211144570616,0.33472818,8971.144278606966,30.267147181455798,17.76633210932885,0.2784455259985402,21.457744765275876,46.90431519699812,0.4574791183956817
S_pt_d4_3,S29,29,3,0.0,0.0,0.0,0.0,9207.0,0.899,8621.0,1.066,4549.123918,2.330161,0.0,0.0,./audio/raw_data_ampl_norm/S_pt_d4_3_ini_ampl_norm.wav,0.087166786,4931.8467810753355,0.29726157,9308.37479270315,26.015483931321132,17.878034672739517,0.2784455259985402,21.457744765275876,46.90431519699812,0.4574791183956817
