Sample_name_simple,Origin,Form,geology,Sample_name,Sample_number,Sound_number,mass_ini,mass_0,mass_n,mass_end,f1_ini,a1_ini,f1_0,a1_0,f1_n,a1_n,f1_end,a1_end,sound_path_ini,rms_ini,centroid_ini,flatness_ini,rolloff_ini,contrast1_ini,contrast2_ini,RDEM,Q,Q0,dQ,D,D class
L_pl_a_1,L,pl,a,S1,1,1,3458.07,3481.07,3481.78,3460.54,2748,0.3712,2590,0.7269,2499.75603,1.017641,2664.80616,0.637452,./audio/raw_data_ampl_norm/L_pl_a_1_ini_ampl_norm.wav,0.12478732,4093.722416,0.059089318,7971.641791,42.30699013,23.2067838,0.931527587,49.1332405,68.78525244,0.71429905,0.07,Resistant
L_pl_a_2,L,pl,a,S1,1,2,3458.07,3481.07,3481.78,3460.54,2748,0.3712,2590,0.7269,2499.75603,1.017641,2664.80616,0.637452,./audio/raw_data_ampl_norm/L_pl_a_2_ini_ampl_norm.wav,0.1334769,4026.584477,0.063923836,8109.784411,40.83286248,21.93987583,0.931527587,49.1332405,68.78525244,0.71429905,0.07,Resistant
L_pl_a_3,L,pl,a,S1,1,3,3458.07,3481.07,3481.78,3460.54,2748,0.3712,2590,0.7269,2499.75603,1.017641,2664.80616,0.637452,./audio/raw_data_ampl_norm/L_pl_a_3_ini_ampl_norm.wav,0.111794665,3966.759258,0.09300642,8024.461028,40.24847238,22.28606935,0.931527587,49.1332405,68.78525244,0.71429905,0.07,Resistant
L_pl_a_4,L,pl,a,S1,1,4,3458.07,3481.07,3481.78,3460.54,2748,0.3712,2590,0.7269,2499.75603,1.017641,2664.80616,0.637452,./audio/raw_data_ampl_norm/L_pl_a_4_ini_ampl_norm.wav,0.12593485,4145.483575,0.06473219,8260.116086,41.18763457,21.37944197,0.931527587,49.1332405,68.78525244,0.71429905,0.07,Resistant
L_pl_a_5,L,pl,a,S1,1,5,3458.07,3481.07,3481.78,3460.54,2748,0.3712,2590,0.7269,2499.75603,1.017641,2664.80616,0.637452,./audio/raw_data_ampl_norm/L_pl_a_5_ini_ampl_norm.wav,0.13059843,4192.265865,0.08491716,8329.187396,38.09034636,20.93498842,0.931527587,49.1332405,68.78525244,0.71429905,0.07,Resistant
L_pl_a_6,L,pl,a,S1,1,6,3458.07,3481.07,3481.78,3460.54,2748,0.3712,2590,0.7269,2499.75603,1.017641,2664.80616,0.637452,./audio/raw_data_ampl_norm/L_pl_a_6_ini_ampl_norm.wav,0.11737721,4156.196349,0.09348528,8239.800995,34.78952513,20.64225478,0.931527587,49.1332405,68.78525244,0.71429905,0.07,Resistant
L_pl_a_7,L,pl,a,S1,1,7,3458.07,3481.07,3481.78,3460.54,2748,0.3712,2590,0.7269,2499.75603,1.017641,2664.80616,0.637452,./audio/raw_data_ampl_norm/L_pl_a_7_ini_ampl_norm.wav,0.10030688,3889.989575,0.049578626,7597.844113,34.23584095,23.77316208,0.931527587,49.1332405,68.78525244,0.71429905,0.07,Resistant
L_pl_a_8,L,pl,a,S1,1,8,3458.07,3481.07,3481.78,3460.54,2748,0.3712,2590,0.7269,2499.75603,1.017641,2664.80616,0.637452,./audio/raw_data_ampl_norm/L_pl_a_8_ini_ampl_norm.wav,0.1231873,4086.998143,0.04193786,8056.965174,41.50529965,21.89281144,0.931527587,49.1332405,68.78525244,0.71429905,0.07,Resistant
L_pl_a_9,L,pl,a,S1,1,9,3458.07,3481.07,3481.78,3460.54,2748,0.3712,2590,0.7269,2499.75603,1.017641,2664.80616,0.637452,./audio/raw_data_ampl_norm/L_pl_a_9_ini_ampl_norm.wav,0.102367945,3859.986218,0.02435662,7504.394693,37.29297802,25.22114,0.931527587,49.1332405,68.78525244,0.71429905,0.07,Resistant
L_pl_b_1,L,pl,b,S2,2,1,2089.95,2100.36,2100.97,2089.97,3289,0.4162,3165,0.5363,3116.337161,0.565948,3225.219827,0.41985,./audio/raw_data_ampl_norm/L_pl_b_1_ini_ampl_norm.wav,0.117464766,4111.042833,0.11544755,8162.603648,48.28168739,21.14320685,0.969485791,88.34733933,93.23140034,0.947613562,0.03,Resistant
L_pl_b_2,L,pl,b,S2,2,2,2089.95,2100.36,2100.97,2089.97,3289,0.4162,3165,0.5363,3116.337161,0.565948,3225.219827,0.41985,./audio/raw_data_ampl_norm/L_pl_b_2_ini_ampl_norm.wav,0.14257203,4230.005949,0.10381742,8333.250415,47.42606557,21.34302649,0.969485791,88.34733933,93.23140034,0.947613562,0.03,Resistant
L_pl_b_3,L,pl,b,S2,2,3,2089.95,2100.36,2100.97,2089.97,3289,0.4162,3165,0.5363,3116.337161,0.565948,3225.219827,0.41985,./audio/raw_data_ampl_norm/L_pl_b_3_ini_ampl_norm.wav,0.11014827,4149.172967,0.039441258,8052.902156,41.16174308,23.24097051,0.969485791,88.34733933,93.23140034,0.947613562,0.03,Resistant
L_pl_b_4,L,pl,b,S2,2,4,2089.95,2100.36,2100.97,2089.97,3289,0.4162,3165,0.5363,3116.337161,0.565948,3225.219827,0.41985,./audio/raw_data_ampl_norm/L_pl_b_4_ini_ampl_norm.wav,0.13759592,4158.453508,0.094144344,8227.61194,40.24026231,20.99676407,0.969485791,88.34733933,93.23140034,0.947613562,0.03,Resistant
L_pl_b_5,L,pl,b,S2,2,5,2089.95,2100.36,2100.97,2089.97,3289,0.4162,3165,0.5363,3116.337161,0.565948,3225.219827,0.41985,./audio/raw_data_ampl_norm/L_pl_b_5_ini_ampl_norm.wav,0.14018227,4198.259778,0.1538195,8353.565506,44.73101988,19.51997126,0.969485791,88.34733933,93.23140034,0.947613562,0.03,Resistant
L_pl_b_6,L,pl,b,S2,2,6,2089.95,2100.36,2100.97,2089.97,3289,0.4162,3165,0.5363,3116.337161,0.565948,3225.219827,0.41985,./audio/raw_data_ampl_norm/L_pl_b_6_ini_ampl_norm.wav,0.1314798,4239.856781,0.07409743,8361.691542,38.52732221,21.1686881,0.969485791,88.34733933,93.23140034,0.947613562,0.03,Resistant
L_pl_b_7,L,pl,b,S2,2,7,2089.95,2100.36,2100.97,2089.97,3289,0.4162,3165,0.5363,3116.337161,0.565948,3225.219827,0.41985,./audio/raw_data_ampl_norm/L_pl_b_7_ini_ampl_norm.wav,0.10921814,3957.730765,0.018400092,7630.348259,40.1645866,25.00684453,0.969485791,88.34733933,93.23140034,0.947613562,0.03,Resistant
L_pl_b_8,L,pl,b,S2,2,8,2089.95,2100.36,2100.97,2089.97,3289,0.4162,3165,0.5363,3116.337161,0.565948,3225.219827,0.41985,./audio/raw_data_ampl_norm/L_pl_b_8_ini_ampl_norm.wav,0.14653032,4149.222498,0.050052583,8158.54063,41.32492172,22.38062558,0.969485791,88.34733933,93.23140034,0.947613562,0.03,Resistant
L_pl_b_9,L,pl,b,S2,2,9,2089.95,2100.36,2100.97,2089.97,3289,0.4162,3165,0.5363,3116.337161,0.565948,3225.219827,0.41985,./audio/raw_data_ampl_norm/L_pl_b_9_ini_ampl_norm.wav,0.13354452,3990.930457,0.023333171,7638.474295,39.01125231,24.18208647,0.969485791,88.34733933,93.23140034,0.947613562,0.03,Resistant
L_pl_e_1,L,pl,e,S3,3,1,1859.11,1864.19,1860.01,1848.91,1665.211513,0.614394,1579.015947,0.686967,1566.539926,0.768571,1645.608748,0.832996,./audio/raw_data_ampl_norm/L_pl_e_1_ini_ampl_norm.wav,0.108190864,4073.925044,0.048696104,8138.225539,40.64909851,23.78685909,0.984260154,65.05579836,72.78369994,0.893823733,0.02,Resistant
L_pl_e_2,L,pl,e,S3,3,2,1859.11,1864.19,1860.01,1848.91,1665.211513,0.614394,1579.015947,0.686967,1566.539926,0.768571,1645.608748,0.832996,./audio/raw_data_ampl_norm/L_pl_e_2_ini_ampl_norm.wav,0.11929333,3833.245292,0.021520246,8016.334992,40.44351766,24.18341359,0.984260154,65.05579836,72.78369994,0.893823733,0.02,Resistant
L_pl_e_3,L,pl,e,S3,3,3,1859.11,1864.19,1860.01,1848.91,1665.211513,0.614394,1579.015947,0.686967,1566.539926,0.768571,1645.608748,0.832996,./audio/raw_data_ampl_norm/L_pl_e_3_ini_ampl_norm.wav,0.09208434,3743.894329,0.01471337,7065.588723,32.04103321,25.82161662,0.984260154,65.05579836,72.78369994,0.893823733,0.02,Resistant
L_pl_e_4,L,pl,e,S3,3,4,1859.11,1864.19,1860.01,1848.91,1665.211513,0.614394,1579.015947,0.686967,1566.539926,0.768571,1645.608748,0.832996,./audio/raw_data_ampl_norm/L_pl_e_4_ini_ampl_norm.wav,0.105621286,3793.808248,0.01628454,7540.961857,41.37247314,24.8896762,0.984260154,65.05579836,72.78369994,0.893823733,0.02,Resistant
L_pl_e_5,L,pl,e,S3,3,5,1859.11,1864.19,1860.01,1848.91,1665.211513,0.614394,1579.015947,0.686967,1566.539926,0.768571,1645.608748,0.832996,./audio/raw_data_ampl_norm/L_pl_e_5_ini_ampl_norm.wav,0.09915225,3838.192923,0.019885162,7829.436153,42.16222196,24.16863575,0.984260154,65.05579836,72.78369994,0.893823733,0.02,Resistant
L_pl_e_6,L,pl,e,S3,3,6,1859.11,1864.19,1860.01,1848.91,1665.211513,0.614394,1579.015947,0.686967,1566.539926,0.768571,1645.608748,0.832996,./audio/raw_data_ampl_norm/L_pl_e_6_ini_ampl_norm.wav,0.09278377,3698.324864,0.005764586,6439.883914,31.8217723,27.65923115,0.984260154,65.05579836,72.78369994,0.893823733,0.02,Resistant
L_pl_e_7,L,pl,e,S3,3,7,1859.11,1864.19,1860.01,1848.91,1665.211513,0.614394,1579.015947,0.686967,1566.539926,0.768571,1645.608748,0.832996,./audio/raw_data_ampl_norm/L_pl_e_7_ini_ampl_norm.wav,0.10520013,3749.203693,0.038057894,7967.578773,43.50681772,23.65759963,0.984260154,65.05579836,72.78369994,0.893823733,0.02,Resistant
L_pl_e_8,L,pl,e,S3,3,8,1859.11,1864.19,1860.01,1848.91,1665.211513,0.614394,1579.015947,0.686967,1566.539926,0.768571,1645.608748,0.832996,./audio/raw_data_ampl_norm/L_pl_e_8_ini_ampl_norm.wav,0.08543453,3825.665033,0.029747533,7926.94859,37.54574982,23.72417235,0.984260154,65.05579836,72.78369994,0.893823733,0.02,Resistant
L_pl_e_9,L,pl,e,S3,3,9,1859.11,1864.19,1860.01,1848.91,1665.211513,0.614394,1579.015947,0.686967,1566.539926,0.768571,1645.608748,0.832996,./audio/raw_data_ampl_norm/L_pl_e_9_ini_ampl_norm.wav,0.10158413,3644.558124,0.012703933,6825.870647,35.89942597,26.72003838,0.984260154,65.05579836,72.78369994,0.893823733,0.02,Resistant
L_pt_a2_1,L,pt,a2,S4,4,1,592.19,595.85,595.58,591.58,5750,0.4005,5519,0.8356,5313.904427,1.026652,5624.842602,0.553029,./audio/raw_data_ampl_norm/L_pt_a2_1_ini_ampl_norm.wav,0.10633063,4598.14825,0.33393717,8694.859038,34.91190646,17.8950415,0.927057539,48.70199444,59.8372427,0.813907731,0.07,Resistant
L_pt_a2_2,L,pt,a2,S4,4,2,592.19,595.85,595.58,591.58,5750,0.4005,5519,0.8356,5313.904427,1.026652,5624.842602,0.553029,./audio/raw_data_ampl_norm/L_pt_a2_2_ini_ampl_norm.wav,0.10185131,4639.603612,0.25436905,8625.787728,37.43006127,18.935668,0.927057539,48.70199444,59.8372427,0.813907731,0.07,Resistant
L_pt_a2_3,L,pt,a2,S4,4,3,592.19,595.85,595.58,591.58,5750,0.4005,5519,0.8356,5313.904427,1.026652,5624.842602,0.553029,./audio/raw_data_ampl_norm/L_pt_a2_3_ini_ampl_norm.wav,0.11248627,4738.731491,0.19998798,8601.409619,37.28053375,20.42723453,0.927057539,48.70199444,59.8372427,0.813907731,0.07,Resistant
L_pt_a3_1,L,pt,a3,S5,5,1,619.04,622.77,622.71,618.7,5372,0.3811,5170,0.8609,5046.659326,0.880859,5286.781791,0.923733,./audio/raw_data_ampl_norm/L_pt_a3_1_ini_ampl_norm.wav,0.11028633,4567.943405,0.18896545,8524.212272,38.5983401,18.94550915,0.952855162,56.76277361,58.07875479,0.977341436,0.05,Resistant
L_pt_a3_2,L,pt,a3,S5,5,2,619.04,622.77,622.71,618.7,5372,0.3811,5170,0.8609,5046.659326,0.880859,5286.781791,0.923733,./audio/raw_data_ampl_norm/L_pt_a3_2_ini_ampl_norm.wav,0.10309485,4752.360234,0.07149519,8414.510779,30.52840568,22.1085232,0.952855162,56.76277361,58.07875479,0.977341436,0.05,Resistant
L_pt_a3_3,L,pt,a3,S5,5,3,619.04,622.77,622.71,618.7,5372,0.3811,5170,0.8609,5046.659326,0.880859,5286.781791,0.923733,./audio/raw_data_ampl_norm/L_pt_a3_3_ini_ampl_norm.wav,0.109860376,4491.205778,0.062231563,8065.091211,34.44569882,22.22728484,0.952855162,56.76277361,58.07875479,0.977341436,0.05,Resistant
L_pt_a4_1,L,pt,a4,S6,6,1,614.83,618.79,618.26,614.38,5804,0.4269,5550,1.043,5350.004777,1.08274,5687.73804,0.404135,./audio/raw_data_ampl_norm/L_pt_a4_1_ini_ampl_norm.wav,0.10375868,4724.960662,0.20507203,8581.094527,31.58469104,18.72079802,0.929228183,46.17913811,47.93863854,0.963296821,0.07,Resistant
L_pt_a4_2,L,pt,a4,S6,6,2,614.83,618.79,618.26,614.38,5804,0.4269,5550,1.043,5350.004777,1.08274,5687.73804,0.404135,./audio/raw_data_ampl_norm/L_pt_a4_2_ini_ampl_norm.wav,0.103327766,4733.680248,0.16935863,8532.338308,31.61956068,20.0803734,0.929228183,46.17913811,47.93863854,0.963296821,0.07,Resistant
L_pt_a4_3,L,pt,a4,S6,6,3,614.83,618.79,618.26,614.38,5804,0.4269,5550,1.043,5350.004777,1.08274,5687.73804,0.404135,./audio/raw_data_ampl_norm/L_pt_a4_3_ini_ampl_norm.wav,0.10397422,4796.041481,0.10991564,8414.510779,34.09291795,21.34606799,0.929228183,46.17913811,47.93863854,0.963296821,0.07,Resistant
L_pt_b2_1,L,pt,b2,S7,7,1,381.59,383.91,383.64,381.52,5447,0.4508,5313,0.607,5270.619718,0.746196,5376.053898,2.168966,./audio/raw_data_ampl_norm/L_pt_b2_1_ini_ampl_norm.wav,0.13346201,4642.689033,0.12526281,8499.834163,37.82015807,20.65592901,0.9841102,67.00652376,82.3723229,0.813459198,0.02,Resistant
L_pt_b2_2,L,pt,b2,S7,7,2,381.59,383.91,383.64,381.52,5447,0.4508,5313,0.607,5270.619718,0.746196,5376.053898,2.168966,./audio/raw_data_ampl_norm/L_pt_b2_2_ini_ampl_norm.wav,0.12057205,4510.558572,0.038757782,8008.208955,35.50956137,23.08564957,0.9841102,67.00652376,82.3723229,0.813459198,0.02,Resistant
L_pt_e2_1,L,pt,e2,S8,8,1,370.4,372.65,372.51,370.3,3370,0.6298,3252,0.8499,3238.966638,0.924462,3361.174649,0.823361,./audio/raw_data_ampl_norm/L_pt_e2_1_ini_ampl_norm.wav,0.16010103,4082.282531,0.005992536,7536.898839,44.15052529,25.53705769,0.992000465,54.08551136,58.83045064,0.919345522,0.01,Resistant
L_pt_e2_2,L,pt,e2,S8,8,2,370.4,372.65,372.51,370.3,3370,0.6298,3252,0.8499,3238.966638,0.924462,3361.174649,0.823361,./audio/raw_data_ampl_norm/L_pt_e2_2_ini_ampl_norm.wav,0.16177598,4245.563883,0.008303465,7971.641791,33.04738276,24.87263271,0.992000465,54.08551136,58.83045064,0.919345522,0.01,Resistant
L_pt_e2_3,L,pt,e2,S8,8,3,370.4,372.65,372.51,370.3,3370,0.6298,3252,0.8499,3238.966638,0.924462,3361.174649,0.823361,./audio/raw_data_ampl_norm/L_pt_e2_3_ini_ampl_norm.wav,0.1457433,4069.040928,0.014885271,7870.066335,33.31960246,24.64821368,0.992000465,54.08551136,58.83045064,0.919345522,0.01,Resistant
L_pt_e3_1,L,pt,e3,S9,9,1,392.69,395.04,394.42,392.16,3622,0.3816,3494,0.7959,3496.006903,0.658781,3640.857381,1.575272,./audio/raw_data_ampl_norm/L_pt_e3_1_ini_ampl_norm.wav,0.13970959,4343.814184,0.028033312,8174.792703,38.02268063,23.5168328,1.001149101,75.89775661,62.82196256,1.20814049,0,Resistant
L_pt_e3_2,L,pt,e3,S9,9,2,392.69,395.04,394.42,392.16,3622,0.3816,3494,0.7959,3496.006903,0.658781,3640.857381,1.575272,./audio/raw_data_ampl_norm/L_pt_e3_2_ini_ampl_norm.wav,0.14184372,4170.496567,0.013291119,7825.373134,30.9728303,24.77845136,1.001149101,75.89775661,62.82196256,1.20814049,0,Resistant
L_pt_e3_3,L,pt,e3,S9,9,3,392.69,395.04,394.42,392.16,3622,0.3816,3494,0.7959,3496.006903,0.658781,3640.857381,1.575272,./audio/raw_data_ampl_norm/L_pt_e3_3_ini_ampl_norm.wav,0.13312836,4146.93491,0.019219607,7874.129353,30.77597585,23.49965564,1.001149101,75.89775661,62.82196256,1.20814049,0,Resistant
L_pt_e4_1,L,pt,e4,S10,10,1,344.41,346.52,346.01,343.84,3115,0.8322,2980.149804,0.966569,2954.945409,0.682226,3075.451996,1.295235,./audio/raw_data_ampl_norm/L_pt_e4_1_ini_ampl_norm.wav,0.14466667,3994.874068,0.027494643,8036.650083,36.70948835,23.04774503,0.983156677,73.28949644,51.72936438,1.416787106,0.02,Resistant
L_pt_e4_2,L,pt,e4,S10,10,2,344.41,346.52,346.01,343.84,3115,0.8322,2980.149804,0.966569,2954.945409,0.682226,3075.451996,1.295235,./audio/raw_data_ampl_norm/L_pt_e4_2_ini_ampl_norm.wav,0.14063723,4018.847009,0.028082406,7975.704809,43.10444298,23.41694817,0.983156677,73.28949644,51.72936438,1.416787106,0.02,Resistant
L_pt_e4_3,L,pt,e4,S10,10,3,344.41,346.52,346.01,343.84,3115,0.8322,2980.149804,0.966569,2954.945409,0.682226,3075.451996,1.295235,./audio/raw_data_ampl_norm/L_pt_e4_3_ini_ampl_norm.wav,0.13104847,4011.644031,0.016971368,7906.633499,34.24448335,23.18309646,0.983156677,73.28949644,51.72936438,1.416787106,0.02,Resistant
LG_pl_a_1,LG,pl,a,S30,30,1,3992.44,4018.93,4019.82,3995.74,3271,0.2937,3203,0.356,3191.232576,0.390951,3248.84396,0.230071,./audio/raw_data_ampl_norm/LG_pl_a_1_ini_ampl_norm.wav,0.13730383,4449.848625,0.021354618,8130.099502,34.42775614,23.82942327,0.992665746,127.8932654,140.4494382,0.91060005,0.01,Resistant
LG_pl_a_2,LG,pl,a,S30,30,2,3992.44,4018.93,4019.82,3995.74,3271,0.2937,3203,0.356,3191.232576,0.390951,3248.84396,0.230071,./audio/raw_data_ampl_norm/LG_pl_a_2_ini_ampl_norm.wav,0.1638744,4446.143067,0.009320224,8077.280265,32.53403092,24.30502032,0.992665746,127.8932654,140.4494382,0.91060005,0.01,Resistant
LG_pl_a_3,LG,pl,a,S30,30,3,3992.44,4018.93,4019.82,3995.74,3271,0.2937,3203,0.356,3191.232576,0.390951,3248.84396,0.230071,./audio/raw_data_ampl_norm/LG_pl_a_3_ini_ampl_norm.wav,0.1493026,4505.962811,0.19055331,8646.102819,36.52482544,19.94277603,0.992665746,127.8932654,140.4494382,0.91060005,0.01,Resistant
LG_pl_a_4,LG,pl,a,S30,30,4,3992.44,4018.93,4019.82,3995.74,3271,0.2937,3203,0.356,3191.232576,0.390951,3248.84396,0.230071,./audio/raw_data_ampl_norm/LG_pl_a_4_ini_ampl_norm.wav,0.18418483,4405.095488,0.006619799,7890.381426,39.61146041,24.95654149,0.992665746,127.8932654,140.4494382,0.91060005,0.01,Resistant
LG_pl_a_5,LG,pl,a,S30,30,5,3992.44,4018.93,4019.82,3995.74,3271,0.2937,3203,0.356,3191.232576,0.390951,3248.84396,0.230071,./audio/raw_data_ampl_norm/LG_pl_a_5_ini_ampl_norm.wav,0.17864616,4472.983567,0.006405396,7983.830846,34.03000818,24.68925813,0.992665746,127.8932654,140.4494382,0.91060005,0.01,Resistant
LG_pl_a_6,LG,pl,a,S30,30,6,3992.44,4018.93,4019.82,3995.74,3271,0.2937,3203,0.356,3191.232576,0.390951,3248.84396,0.230071,./audio/raw_data_ampl_norm/LG_pl_a_6_ini_ampl_norm.wav,0.14212967,4574.250597,0.022468282,8199.170813,37.67718319,23.03138557,0.992665746,127.8932654,140.4494382,0.91060005,0.01,Resistant
LG_pl_a_7,LG,pl,a,S30,30,7,3992.44,4018.93,4019.82,3995.74,3271,0.2937,3203,0.356,3191.232576,0.390951,3248.84396,0.230071,./audio/raw_data_ampl_norm/LG_pl_a_7_ini_ampl_norm.wav,0.13524455,4091.750565,0.002659835,7171.227197,38.80126002,28.65945369,0.992665746,127.8932654,140.4494382,0.91060005,0.01,Resistant
LG_pl_a_8,LG,pl,a,S30,30,8,3992.44,4018.93,4019.82,3995.74,3271,0.2937,3203,0.356,3191.232576,0.390951,3248.84396,0.230071,./audio/raw_data_ampl_norm/LG_pl_a_8_ini_ampl_norm.wav,0.18448105,4425.02881,0.022226265,8276.368159,37.25885572,22.57040853,0.992665746,127.8932654,140.4494382,0.91060005,0.01,Resistant
LG_pl_a_9,LG,pl,a,S30,30,9,3992.44,4018.93,4019.82,3995.74,3271,0.2937,3203,0.356,3191.232576,0.390951,3248.84396,0.230071,./audio/raw_data_ampl_norm/LG_pl_a_9_ini_ampl_norm.wav,0.16488962,4242.438062,0.005575128,7638.474295,36.69649933,26.33543652,0.992665746,127.8932654,140.4494382,0.91060005,0.01,Resistant
M_pl_a1_1,M,pl,a1,S11,11,1,2298.38,2309.98,2311.94,2299.8,2014.886014,0.524576,1955.555341,0.509436,1832.182301,0.82312,1861.886032,0.844448,./audio/raw_data_ampl_norm/M_pl_a1_1_ini_ampl_norm.wav,0.105715446,3816.86796,0.00976217,6748.6733,37.98367928,28.4444671,0.877803171,60.7444844,98.14775556,0.618908543,0.12,Uncertain
M_pl_a1_2,M,pl,a1,S11,11,2,2298.38,2309.98,2311.94,2299.8,2014.886014,0.524576,1955.555341,0.509436,1832.182301,0.82312,1861.886032,0.844448,./audio/raw_data_ampl_norm/M_pl_a1_2_ini_ampl_norm.wav,0.11238423,3836.042109,0.008474052,7471.890547,33.73442593,25.04865117,0.877803171,60.7444844,98.14775556,0.618908543,0.12,Uncertain
M_pl_a1_3,M,pl,a1,S11,11,3,2298.38,2309.98,2311.94,2299.8,2014.886014,0.524576,1955.555341,0.509436,1832.182301,0.82312,1861.886032,0.844448,./audio/raw_data_ampl_norm/M_pl_a1_3_ini_ampl_norm.wav,0.0964487,3694.695623,0.008012734,6622.719735,34.6028824,27.45681056,0.877803171,60.7444844,98.14775556,0.618908543,0.12,Uncertain
M_pl_a1_4,M,pl,a1,S11,11,4,2298.38,2309.98,2311.94,2299.8,2014.886014,0.524576,1955.555341,0.509436,1832.182301,0.82312,1861.886032,0.844448,./audio/raw_data_ampl_norm/M_pl_a1_4_ini_ampl_norm.wav,0.09704881,3885.402141,0.004903537,6533.333333,34.16995085,27.39052064,0.877803171,60.7444844,98.14775556,0.618908543,0.12,Uncertain
M_pl_a1_5,M,pl,a1,S11,11,5,2298.38,2309.98,2311.94,2299.8,2014.886014,0.524576,1955.555341,0.509436,1832.182301,0.82312,1861.886032,0.844448,./audio/raw_data_ampl_norm/M_pl_a1_5_ini_ampl_norm.wav,0.1198202,3948.942473,0.017828306,8081.343284,41.83037842,23.34500206,0.877803171,60.7444844,98.14775556,0.618908543,0.12,Uncertain
M_pl_a1_6,M,pl,a1,S11,11,6,2298.38,2309.98,2311.94,2299.8,2014.886014,0.524576,1955.555341,0.509436,1832.182301,0.82312,1861.886032,0.844448,./audio/raw_data_ampl_norm/M_pl_a1_6_ini_ampl_norm.wav,0.116438225,3676.184598,0.005556834,6964.013267,36.21946022,26.72644322,0.877803171,60.7444844,98.14775556,0.618908543,0.12,Uncertain
M_pl_a1_7,M,pl,a1,S11,11,7,2298.38,2309.98,2311.94,2299.8,2014.886014,0.524576,1955.555341,0.509436,1832.182301,0.82312,1861.886032,0.844448,./audio/raw_data_ampl_norm/M_pl_a1_7_ini_ampl_norm.wav,0.10540711,3621.21635,0.004856091,6066.086235,36.21955693,28.89475869,0.877803171,60.7444844,98.14775556,0.618908543,0.12,Uncertain
M_pl_a1_8,M,pl,a1,S11,11,8,2298.38,2309.98,2311.94,2299.8,2014.886014,0.524576,1955.555341,0.509436,1832.182301,0.82312,1861.886032,0.844448,./audio/raw_data_ampl_norm/M_pl_a1_8_ini_ampl_norm.wav,0.107402705,3954.559318,0.036241923,7955.389718,41.49453663,22.97965677,0.877803171,60.7444844,98.14775556,0.618908543,0.12,Uncertain
M_pl_a1_9,M,pl,a1,S11,11,9,2298.38,2309.98,2311.94,2299.8,2014.886014,0.524576,1955.555341,0.509436,1832.182301,0.82312,1861.886032,0.844448,./audio/raw_data_ampl_norm/M_pl_a1_9_ini_ampl_norm.wav,0.09489456,3655.345936,0.008611647,6537.396352,37.26509012,27.32660851,0.877803171,60.7444844,98.14775556,0.618908543,0.12,Uncertain
M_pl_a2_1,M,pl,a2,S12,12,1,2291.54,2304.16,2301.02,2288.35,1531.468471,1.218534,1523.199245,1.825162,1395.845567,5.616028,1101.290582,5.592593,./audio/raw_data_ampl_norm/M_pl_a2_1_ini_ampl_norm.wav,0.098188356,4157.893842,0.03685389,8117.910448,38.76249588,22.16243524,0.839771848,8.903089515,27.39482851,0.324991613,0.16,Uncertain
M_pl_a2_2,M,pl,a2,S12,12,2,2291.54,2304.16,2301.02,2288.35,1531.468471,1.218534,1523.199245,1.825162,1395.845567,5.616028,1101.290582,5.592593,./audio/raw_data_ampl_norm/M_pl_a2_2_ini_ampl_norm.wav,0.11225587,3979.30231,0.010946746,7890.381426,32.1149608,24.53050393,0.839771848,8.903089515,27.39482851,0.324991613,0.16,Uncertain
M_pl_a2_3,M,pl,a2,S12,12,3,2291.54,2304.16,2301.02,2288.35,1531.468471,1.218534,1523.199245,1.825162,1395.845567,5.616028,1101.290582,5.592593,./audio/raw_data_ampl_norm/M_pl_a2_3_ini_ampl_norm.wav,0.106359616,4221.286456,0.030514508,8365.754561,33.57714544,22.16116601,0.839771848,8.903089515,27.39482851,0.324991613,0.16,Uncertain
M_pl_a2_4,M,pl,a2,S12,12,4,2291.54,2304.16,2301.02,2288.35,1531.468471,1.218534,1523.199245,1.825162,1395.845567,5.616028,1101.290582,5.592593,./audio/raw_data_ampl_norm/M_pl_a2_4_ini_ampl_norm.wav,0.13063805,3804.39767,0.01593093,7719.73466,37.06752171,23.94832011,0.839771848,8.903089515,27.39482851,0.324991613,0.16,Uncertain
M_pl_a2_5,M,pl,a2,S12,12,5,2291.54,2304.16,2301.02,2288.35,1531.468471,1.218534,1523.199245,1.825162,1395.845567,5.616028,1101.290582,5.592593,./audio/raw_data_ampl_norm/M_pl_a2_5_ini_ampl_norm.wav,0.123704776,4019.636844,0.027236322,8186.981758,42.95495157,22.95663844,0.839771848,8.903089515,27.39482851,0.324991613,0.16,Uncertain
M_pl_a2_6,M,pl,a2,S12,12,6,2291.54,2304.16,2301.02,2288.35,1531.468471,1.218534,1523.199245,1.825162,1395.845567,5.616028,1101.290582,5.592593,./audio/raw_data_ampl_norm/M_pl_a2_6_ini_ampl_norm.wav,0.14195493,3816.913639,0.012114821,7857.87728,41.06662422,24.14831582,0.839771848,8.903089515,27.39482851,0.324991613,0.16,Uncertain
M_pl_a2_7,M,pl,a2,S12,12,7,2291.54,2304.16,2301.02,2288.35,1531.468471,1.218534,1523.199245,1.825162,1395.845567,5.616028,1101.290582,5.592593,./audio/raw_data_ampl_norm/M_pl_a2_7_ini_ampl_norm.wav,0.10275536,3902.700088,0.030704387,8077.280265,38.08886498,22.43323938,0.839771848,8.903089515,27.39482851,0.324991613,0.16,Uncertain
M_pl_a2_8,M,pl,a2,S12,12,8,2291.54,2304.16,2301.02,2288.35,1531.468471,1.218534,1523.199245,1.825162,1395.845567,5.616028,1101.290582,5.592593,./audio/raw_data_ampl_norm/M_pl_a2_8_ini_ampl_norm.wav,0.092876926,4058.308234,0.08314218,8264.179104,42.79985994,21.49858218,0.839771848,8.903089515,27.39482851,0.324991613,0.16,Uncertain
M_pl_a2_9,M,pl,a2,S12,12,9,2291.54,2304.16,2301.02,2288.35,1531.468471,1.218534,1523.199245,1.825162,1395.845567,5.616028,1101.290582,5.592593,./audio/raw_data_ampl_norm/M_pl_a2_9_ini_ampl_norm.wav,0.06715106,3964.99175,0.073069654,8036.650083,39.22447734,21.82296879,0.839771848,8.903089515,27.39482851,0.324991613,0.16,Uncertain
M_pl_b_1,M,pl,b,S13,13,1,2362.45,2375.86,2376.4,2362.31,2060.244079,0.342073,2000.822838,0.42474,2005.202916,0.555311,2064.936877,0.866313,./audio/raw_data_ampl_norm/M_pl_b_1_ini_ampl_norm.wav,0.10661559,3832.804844,0.027742224,7979.767828,43.01667793,23.94547849,1.004383069,90.03963545,117.7190752,0.764868695,0,Resistant
M_pl_b_2,M,pl,b,S13,13,2,2362.45,2375.86,2376.4,2362.31,2060.244079,0.342073,2000.822838,0.42474,2005.202916,0.555311,2064.936877,0.866313,./audio/raw_data_ampl_norm/M_pl_b_2_ini_ampl_norm.wav,0.15154505,3878.382193,0.018656481,7987.893864,42.32137846,22.93179619,1.004383069,90.03963545,117.7190752,0.764868695,0,Resistant
M_pl_b_3,M,pl,b,S13,13,3,2362.45,2375.86,2376.4,2362.31,2060.244079,0.342073,2000.822838,0.42474,2005.202916,0.555311,2064.936877,0.866313,./audio/raw_data_ampl_norm/M_pl_b_3_ini_ampl_norm.wav,0.0938989,3804.957149,0.01173247,7020.895522,37.46346459,26.3357936,1.004383069,90.03963545,117.7190752,0.764868695,0,Resistant
M_pl_b_4,M,pl,b,S13,13,4,2362.45,2375.86,2376.4,2362.31,2060.244079,0.342073,2000.822838,0.42474,2005.202916,0.555311,2064.936877,0.866313,./audio/raw_data_ampl_norm/M_pl_b_4_ini_ampl_norm.wav,0.109217204,3932.113349,0.017054852,7764.427861,37.94987377,24.41407541,1.004383069,90.03963545,117.7190752,0.764868695,0,Resistant
M_pl_b_5,M,pl,b,S13,13,5,2362.45,2375.86,2376.4,2362.31,2060.244079,0.342073,2000.822838,0.42474,2005.202916,0.555311,2064.936877,0.866313,./audio/raw_data_ampl_norm/M_pl_b_5_ini_ampl_norm.wav,0.12693433,3893.411289,0.020331189,7849.751244,43.03122175,23.42992538,1.004383069,90.03963545,117.7190752,0.764868695,0,Resistant
M_pl_b_6,M,pl,b,S13,13,6,2362.45,2375.86,2376.4,2362.31,2060.244079,0.342073,2000.822838,0.42474,2005.202916,0.555311,2064.936877,0.866313,./audio/raw_data_ampl_norm/M_pl_b_6_ini_ampl_norm.wav,0.117587075,3889.792552,0.012655295,7622.222222,40.14101442,24.91239996,1.004383069,90.03963545,117.7190752,0.764868695,0,Resistant
M_pl_b_7,M,pl,b,S13,13,7,2362.45,2375.86,2376.4,2362.31,2060.244079,0.342073,2000.822838,0.42474,2005.202916,0.555311,2064.936877,0.866313,./audio/raw_data_ampl_norm/M_pl_b_7_ini_ampl_norm.wav,0.108274125,3642.747034,0.00858594,6817.74461,33.71548368,26.8794657,1.004383069,90.03963545,117.7190752,0.764868695,0,Resistant
M_pl_b_8,M,pl,b,S13,13,8,2362.45,2375.86,2376.4,2362.31,2060.244079,0.342073,2000.822838,0.42474,2005.202916,0.555311,2064.936877,0.866313,./audio/raw_data_ampl_norm/M_pl_b_8_ini_ampl_norm.wav,0.13583635,3778.023614,0.012256601,7662.852405,40.77898357,24.28281862,1.004383069,90.03963545,117.7190752,0.764868695,0,Resistant
M_pl_b_9,M,pl,b,S13,13,9,2362.45,2375.86,2376.4,2362.31,2060.244079,0.342073,2000.822838,0.42474,2005.202916,0.555311,2064.936877,0.866313,./audio/raw_data_ampl_norm/M_pl_b_9_ini_ampl_norm.wav,0.092060976,3655.725585,0.017181128,7284.991708,41.74031075,24.66279809,1.004383069,90.03963545,117.7190752,0.764868695,0,Resistant
M_pl_c_1,M,pl,c,S14,14,1,3691.05,3703.01,3707.27,3694.67,3058.309851,0.275313,2986,0.3288,2964.300091,0.436092,3017.978081,0.33892,./audio/raw_data_ampl_norm/M_pl_c_1_ini_ampl_norm.wav,0.1163171,3986.317938,0.009980847,7378.441128,37.64238882,25.91631867,0.985518379,114.6547059,152.0681265,0.753969346,0.01,Resistant
M_pl_c_2,M,pl,c,S14,14,2,3691.05,3703.01,3707.27,3694.67,3058.309851,0.275313,2986,0.3288,2964.300091,0.436092,3017.978081,0.33892,./audio/raw_data_ampl_norm/M_pl_c_2_ini_ampl_norm.wav,0.15648708,3950.675487,0.019362384,7857.87728,42.97069666,24.26353292,0.985518379,114.6547059,152.0681265,0.753969346,0.01,Resistant
M_pl_c_3,M,pl,c,S14,14,3,3691.05,3703.01,3707.27,3694.67,3058.309851,0.275313,2986,0.3288,2964.300091,0.436092,3017.978081,0.33892,./audio/raw_data_ampl_norm/M_pl_c_3_ini_ampl_norm.wav,0.10818114,3996.612497,0.014738619,7622.222222,36.95629031,25.6407957,0.985518379,114.6547059,152.0681265,0.753969346,0.01,Resistant
M_pl_c_4,M,pl,c,S14,14,4,3691.05,3703.01,3707.27,3694.67,3058.309851,0.275313,2986,0.3288,2964.300091,0.436092,3017.978081,0.33892,./audio/raw_data_ampl_norm/M_pl_c_4_ini_ampl_norm.wav,0.1476046,4068.218971,0.01212089,7756.301824,39.8566719,24.87137828,0.985518379,114.6547059,152.0681265,0.753969346,0.01,Resistant
M_pl_c_5,M,pl,c,S14,14,5,3691.05,3703.01,3707.27,3694.67,3058.309851,0.275313,2986,0.3288,2964.300091,0.436092,3017.978081,0.33892,./audio/raw_data_ampl_norm/M_pl_c_5_ini_ampl_norm.wav,0.15768005,4135.284066,0.016325383,7906.633499,38.35697602,23.66562777,0.985518379,114.6547059,152.0681265,0.753969346,0.01,Resistant
M_pl_c_6,M,pl,c,S14,14,6,3691.05,3703.01,3707.27,3694.67,3058.309851,0.275313,2986,0.3288,2964.300091,0.436092,3017.978081,0.33892,./audio/raw_data_ampl_norm/M_pl_c_6_ini_ampl_norm.wav,0.11948099,4087.091252,0.010919291,7601.907131,36.19178164,24.45386344,0.985518379,114.6547059,152.0681265,0.753969346,0.01,Resistant
M_pl_c_7,M,pl,c,S14,14,7,3691.05,3703.01,3707.27,3694.67,3058.309851,0.275313,2986,0.3288,2964.300091,0.436092,3017.978081,0.33892,./audio/raw_data_ampl_norm/M_pl_c_7_ini_ampl_norm.wav,0.10922059,3855.126373,0.005211068,6748.6733,36.24081513,27.27007955,0.985518379,114.6547059,152.0681265,0.753969346,0.01,Resistant
M_pl_c_8,M,pl,c,S14,14,8,3691.05,3703.01,3707.27,3694.67,3058.309851,0.275313,2986,0.3288,2964.300091,0.436092,3017.978081,0.33892,./audio/raw_data_ampl_norm/M_pl_c_8_ini_ampl_norm.wav,0.15681404,4085.070931,0.005773358,7557.21393,39.62489783,25.93624623,0.985518379,114.6547059,152.0681265,0.753969346,0.01,Resistant
M_pl_c_9,M,pl,c,S14,14,9,3691.05,3703.01,3707.27,3694.67,3058.309851,0.275313,2986,0.3288,2964.300091,0.436092,3017.978081,0.33892,./audio/raw_data_ampl_norm/M_pl_c_9_ini_ampl_norm.wav,0.1225453,4080.285675,0.101392426,8239.800995,51.47735947,21.41435698,0.985518379,114.6547059,152.0681265,0.753969346,0.01,Resistant
M_pl_f_1,M,pl,f,S15,15,1,3158.31,3165.2,3168.6,3161.01,2825.27354,0.329002,2773.251915,0.402695,2770.3015,0.379047,2817.472917,0.515376,./audio/raw_data_ampl_norm/M_pl_f_1_ini_ampl_norm.wav,0.11198303,3877.216094,0.005830706,6850.248756,33.87157559,26.8329379,0.997873366,131.9097632,124.1634488,1.062388042,0,Resistant
M_pl_f_2,M,pl,f,S15,15,2,3158.31,3165.2,3168.6,3161.01,2825.27354,0.329002,2773.251915,0.402695,2770.3015,0.379047,2817.472917,0.515376,./audio/raw_data_ampl_norm/M_pl_f_2_ini_ampl_norm.wav,0.14802065,4204.638171,0.010457316,8008.208955,41.78257541,24.01053194,0.997873366,131.9097632,124.1634488,1.062388042,0,Resistant
M_pl_f_3,M,pl,f,S15,15,3,3158.31,3165.2,3168.6,3161.01,2825.27354,0.329002,2773.251915,0.402695,2770.3015,0.379047,2817.472917,0.515376,./audio/raw_data_ampl_norm/M_pl_f_3_ini_ampl_norm.wav,0.10846785,3921.082373,0.004902258,6793.366501,28.77004795,27.36207288,0.997873366,131.9097632,124.1634488,1.062388042,0,Resistant
M_pl_f_4,M,pl,f,S15,15,4,3158.31,3165.2,3168.6,3161.01,2825.27354,0.329002,2773.251915,0.402695,2770.3015,0.379047,2817.472917,0.515376,./audio/raw_data_ampl_norm/M_pl_f_4_ini_ampl_norm.wav,0.12796122,4212.053277,0.006570598,7569.402985,31.48143824,24.97206284,0.997873366,131.9097632,124.1634488,1.062388042,0,Resistant
M_pl_f_5,M,pl,f,S15,15,5,3158.31,3165.2,3168.6,3161.01,2825.27354,0.329002,2773.251915,0.402695,2770.3015,0.379047,2817.472917,0.515376,./audio/raw_data_ampl_norm/M_pl_f_5_ini_ampl_norm.wav,0.14287232,4353.002969,0.09391186,8597.3466,40.1049712,20.65874401,0.997873366,131.9097632,124.1634488,1.062388042,0,Resistant
M_pl_f_6,M,pl,f,S15,15,6,3158.31,3165.2,3168.6,3161.01,2825.27354,0.329002,2773.251915,0.402695,2770.3015,0.379047,2817.472917,0.515376,./audio/raw_data_ampl_norm/M_pl_f_6_ini_ampl_norm.wav,0.12820032,4261.911349,0.012786413,8032.587065,33.43216869,24.23737516,0.997873366,131.9097632,124.1634488,1.062388042,0,Resistant
M_pl_f_7,M,pl,f,S15,15,7,3158.31,3165.2,3168.6,3161.01,2825.27354,0.329002,2773.251915,0.402695,2770.3015,0.379047,2817.472917,0.515376,./audio/raw_data_ampl_norm/M_pl_f_7_ini_ampl_norm.wav,0.12136271,3763.485741,0.00369474,6813.681592,35.06663051,27.9523695,0.997873366,131.9097632,124.1634488,1.062388042,0,Resistant
M_pl_f_8,M,pl,f,S15,15,8,3158.31,3165.2,3168.6,3161.01,2825.27354,0.329002,2773.251915,0.402695,2770.3015,0.379047,2817.472917,0.515376,./audio/raw_data_ampl_norm/M_pl_f_8_ini_ampl_norm.wav,0.1419821,3826.878578,0.002071617,6618.656716,37.35245975,28.61352799,0.997873366,131.9097632,124.1634488,1.062388042,0,Resistant
M_pl_f_9,M,pl,f,S15,15,9,3158.31,3165.2,3168.6,3161.01,2825.27354,0.329002,2773.251915,0.402695,2770.3015,0.379047,2817.472917,0.515376,./audio/raw_data_ampl_norm/M_pl_f_9_ini_ampl_norm.wav,0.1128114,3801.665856,0.004734219,6943.698176,32.98437273,26.62695535,0.997873366,131.9097632,124.1634488,1.062388042,0,Resistant
M_pt_a2_1,M,pt,a2,S16,16,1,406.72,408.97,409.1,406.6,4472,0.5842,4404,0.9945,3786.597951,1.935203,1653.087532,7.785392,./audio/raw_data_ampl_norm/M_pt_a2_1_ini_ampl_norm.wav,0.09425858,4327.667469,0.22819571,8483.58209,39.14558373,19.45075841,0.739271171,25.83708272,50.27652086,0.513899575,0.26,Uncertain
M_pt_a2_2,M,pt,a2,S16,16,2,406.72,408.97,409.1,406.6,4472,0.5842,4404,0.9945,3786.597951,1.935203,1653.087532,7.785392,./audio/raw_data_ampl_norm/M_pt_a2_2_ini_ampl_norm.wav,0.10312728,4282.806285,0.23534988,8243.864013,39.88468299,19.13039019,0.739271171,25.83708272,50.27652086,0.513899575,0.26,Uncertain
M_pt_a2_3,M,pt,a2,S16,16,3,406.72,408.97,409.1,406.6,4472,0.5842,4404,0.9945,3786.597951,1.935203,1653.087532,7.785392,./audio/raw_data_ampl_norm/M_pt_a2_3_ini_ampl_norm.wav,0.092326604,4274.124518,0.23944332,8434.825871,43.85395352,18.77719875,0.739271171,25.83708272,50.27652086,0.513899575,0.26,Uncertain
M_pt_a3_1,M,pt,a3,S17,17,1,400.5,402.79,402.82,400.48,4498,0.2363,4388,0.5915,4234.542892,0.70533,4292.952372,0.821473,./audio/raw_data_ampl_norm/M_pt_a3_1_ini_ampl_norm.wav,0.13713506,4327.007819,0.09496779,8312.935323,37.61866492,20.7903018,0.931279053,70.88880382,84.53085376,0.838614549,0.07,Resistant
M_pt_a3_2,M,pt,a3,S17,17,2,400.5,402.79,402.82,400.48,4498,0.2363,4388,0.5915,4234.542892,0.70533,4292.952372,0.821473,./audio/raw_data_ampl_norm/M_pt_a3_2_ini_ampl_norm.wav,0.13532472,4298.037641,0.027209977,7922.885572,40.51740373,24.25636359,0.931279053,70.88880382,84.53085376,0.838614549,0.07,Resistant
M_pt_a3_3,M,pt,a3,S17,17,3,400.5,402.79,402.82,400.48,4498,0.2363,4388,0.5915,4234.542892,0.70533,4292.952372,0.821473,./audio/raw_data_ampl_norm/M_pt_a3_3_ini_ampl_norm.wav,0.1286931,4420.02969,0.032364104,8219.485904,41.40986033,22.93441971,0.931279053,70.88880382,84.53085376,0.838614549,0.07,Resistant
M_pt_a4_1,M,pt,a4,S18,18,1,395.9,398.37,397.82,395.56,4719,0.7873,4596,0.8113,4609.862625,0.621888,4710.225148,1.294932,./audio/raw_data_ampl_norm/M_pt_a4_1_ini_ampl_norm.wav,0.1315564,4349.485047,0.14557835,8410.447761,45.46562682,19.8401032,1.006041572,80.40032932,61.62948354,1.304575744,-0.01,Resistant
M_pt_a4_2,M,pt,a4,S18,18,2,395.9,398.37,397.82,395.56,4719,0.7873,4596,0.8113,4609.862625,0.621888,4710.225148,1.294932,./audio/raw_data_ampl_norm/M_pt_a4_2_ini_ampl_norm.wav,0.12765753,4305.629065,0.13538535,8402.321725,41.95876082,19.75865778,1.006041572,80.40032932,61.62948354,1.304575744,-0.01,Resistant
M_pt_a4_3,M,pt,a4,S18,18,3,395.9,398.37,397.82,395.56,4719,0.7873,4596,0.8113,4609.862625,0.621888,4710.225148,1.294932,./audio/raw_data_ampl_norm/M_pt_a4_3_ini_ampl_norm.wav,0.12827022,4293.908318,0.12656452,8341.376451,42.45748926,20.59837995,1.006041572,80.40032932,61.62948354,1.304575744,-0.01,Resistant
M_pt_b2_1,M,pt,b2,S19,19,1,415.23,418.31,416.18,413.45,4536,0.4171,4411,0.7588,4414.547779,0.553551,4509.984169,0.52142,./audio/raw_data_ampl_norm/M_pt_b2_1_ini_ampl_norm.wav,0.1282329,4618.581464,0.036641855,8373.880597,34.54395542,22.06116613,1.001609252,90.32591396,65.89351608,1.37078607,0,Resistant
M_pt_b2_2,M,pt,b2,S19,19,2,415.23,418.31,416.18,413.45,4536,0.4171,4411,0.7588,4414.547779,0.553551,4509.984169,0.52142,./audio/raw_data_ampl_norm/M_pt_b2_2_ini_ampl_norm.wav,0.12751411,4307.519996,0.029363375,7943.200663,37.79934403,23.39906751,1.001609252,90.32591396,65.89351608,1.37078607,0,Resistant
M_pt_b2_3,M,pt,b2,S19,19,3,415.23,418.31,416.18,413.45,4536,0.4171,4411,0.7588,4414.547779,0.553551,4509.984169,0.52142,./audio/raw_data_ampl_norm/M_pt_b2_3_ini_ampl_norm.wav,0.12849608,4266.108812,0.012833799,7618.159204,31.38822916,25.82175267,1.001609252,90.32591396,65.89351608,1.37078607,0,Resistant
M_pt_b3_1,M,pt,b3,S20,20,1,387.08,389.91,388.16,0,4571,0.3748,4462,0.7244,3491.377094,4.810917,0,0,./audio/raw_data_ampl_norm/M_pt_b3_1_ini_ampl_norm.wav,0.1310064,4689.968809,0.037448756,8418.573798,32.40107615,22.11208841,0.612257882,10.39302902,69.02263943,0.150574204,0.39,Uncertain
M_pt_b3_2,M,pt,b3,S20,20,2,387.08,389.91,388.16,0,4571,0.3748,4462,0.7244,3491.377094,4.810917,0,0,./audio/raw_data_ampl_norm/M_pt_b3_2_ini_ampl_norm.wav,0.13086793,4533.827061,0.016970538,7922.885572,32.02793801,24.34974302,0.612257882,10.39302902,69.02263943,0.150574204,0.39,Uncertain
M_pt_b3_3,M,pt,b3,S20,20,3,387.08,389.91,388.16,0,4571,0.3748,4462,0.7244,3491.377094,4.810917,0,0,./audio/raw_data_ampl_norm/M_pt_b3_3_ini_ampl_norm.wav,0.1315819,4487.128025,0.07842706,8341.376451,33.65019441,20.8016298,0.612257882,10.39302902,69.02263943,0.150574204,0.39,Uncertain
M_pt_b4_1,M,pt,b4,S21,21,1,461.26,463.84,463.18,461.14,4823.929005,0.448384,4706.268518,0.687095,4718.767208,0.632447,4806.035775,0.460928,./audio/raw_data_ampl_norm/M_pt_b4_1_ini_ampl_norm.wav,0.12718564,4422.432157,0.015532322,7727.860697,37.88601974,23.95836324,1.00531856,79.05800802,72.77014096,1.08640724,-0.01,Resistant
M_pt_b4_2,M,pt,b4,S21,21,2,461.26,463.84,463.18,461.14,4823.929005,0.448384,4706.268518,0.687095,4718.767208,0.632447,4806.035775,0.460928,./audio/raw_data_ampl_norm/M_pt_b4_2_ini_ampl_norm.wav,0.12220564,4397.133358,0.014680031,7614.096186,35.6189891,25.28807277,1.00531856,79.05800802,72.77014096,1.08640724,-0.01,Resistant
M_pt_b4_3,M,pt,b4,S21,21,3,461.26,463.84,463.18,461.14,4823.929005,0.448384,4706.268518,0.687095,4718.767208,0.632447,4806.035775,0.460928,./audio/raw_data_ampl_norm/M_pt_b4_3_ini_ampl_norm.wav,0.12467024,4440.099574,0.013388384,7670.978441,33.10878446,24.20680216,1.00531856,79.05800802,72.77014096,1.08640724,-0.01,Resistant
M_pt_c2_1,M,pt,c2,S22,22,1,770.46,773.34,773.45,770.71,6597,0.3265,6472,0.5026,6511.467085,0.740086,6579.784775,0.490511,./audio/raw_data_ampl_norm/M_pt_c2_1_ini_ampl_norm.wav,0.10923861,4282.652526,0.27025554,8564.842454,35.44614419,19.0926919,1.012233443,67.55971603,99.48269001,0.679110266,-0.01,Resistant
M_pt_c2_2,M,pt,c2,S22,22,2,770.46,773.34,773.45,770.71,6597,0.3265,6472,0.5026,6511.467085,0.740086,6579.784775,0.490511,./audio/raw_data_ampl_norm/M_pt_c2_2_ini_ampl_norm.wav,0.10924126,4610.481073,0.23253693,8544.527363,30.42437088,19.12135776,1.012233443,67.55971603,99.48269001,0.679110266,-0.01,Resistant
M_pt_c2_3,M,pt,c2,S22,22,3,770.46,773.34,773.45,770.71,6597,0.3265,6472,0.5026,6511.467085,0.740086,6579.784775,0.490511,./audio/raw_data_ampl_norm/M_pt_c2_3_ini_ampl_norm.wav,0.10951388,4716.202101,0.37615907,8698.922056,35.46280593,17.12816463,1.012233443,67.55971603,99.48269001,0.679110266,-0.01,Resistant
M_pt_c3_1,M,pt,c3,S23,23,1,671.97,674.62,674.68,672.02,6197,0.3835,6073,0.5518,6062.192123,0.558998,6168.036091,0.694609,./audio/raw_data_ampl_norm/M_pt_c3_1_ini_ampl_norm.wav,0.11278191,4637.571188,0.03769479,7918.822554,35.57185518,23.13610537,0.996443847,89.4457583,90.61254078,0.987123389,0,Resistant
M_pt_c3_2,M,pt,c3,S23,23,2,671.97,674.62,674.68,672.02,6197,0.3835,6073,0.5518,6062.192123,0.558998,6168.036091,0.694609,./audio/raw_data_ampl_norm/M_pt_c3_2_ini_ampl_norm.wav,0.11844931,4776.826974,0.08845698,8365.754561,37.87012681,21.49702777,0.996443847,89.4457583,90.61254078,0.987123389,0,Resistant
M_pt_c3_3,M,pt,c3,S23,23,3,671.97,674.62,674.68,672.02,6197,0.3835,6073,0.5518,6062.192123,0.558998,6168.036091,0.694609,./audio/raw_data_ampl_norm/M_pt_c3_3_ini_ampl_norm.wav,0.11463065,4722.110197,0.045896288,8069.154229,30.64400792,22.52087912,0.996443847,89.4457583,90.61254078,0.987123389,0,Resistant
M_pt_c4_1,M,pt,c4,S24,24,1,743.79,746.32,745.79,743.06,6406,0.4422,6305,0.5659,6332.153106,1.155542,6426.79265,0.769807,./audio/raw_data_ampl_norm/M_pt_c4_1_ini_ampl_norm.wav,0.115797944,4471.023379,0.23784235,8564.842454,46.51420289,18.86506042,1.008631745,43.26973836,88.35483301,0.489726899,-0.01,Resistant
M_pt_c4_2,M,pt,c4,S24,24,2,743.79,746.32,745.79,743.06,6406,0.4422,6305,0.5659,6332.153106,1.155542,6426.79265,0.769807,./audio/raw_data_ampl_norm/M_pt_c4_2_ini_ampl_norm.wav,0.11798593,4937.498513,0.048330862,8219.485904,34.37748924,22.17742143,1.008631745,43.26973836,88.35483301,0.489726899,-0.01,Resistant
M_pt_c4_3,M,pt,c4,S24,24,3,743.79,746.32,745.79,743.06,6406,0.4422,6305,0.5659,6332.153106,1.155542,6426.79265,0.769807,./audio/raw_data_ampl_norm/M_pt_c4_3_ini_ampl_norm.wav,0.113704614,4616.776912,0.09752429,8227.61194,30.04741676,21.20467513,1.008631745,43.26973836,88.35483301,0.489726899,-0.01,Resistant
P_pl_a_1,P,pl,a,S31,31,1,1636.5,1657.55,1656.34,1636.62,3020,0.4311,2943,0.3937,2854.714907,0.373521,2906.21575,0.454652,./audio/raw_data_ampl_norm/P_pl_a_1_ini_ampl_norm.wav,0.16066577,4186.991069,0.005031685,7658.789386,37.23091474,25.70917299,0.940903235,133.8612822,127.000254,1.054023736,0.06,Resistant
P_pl_a_2,P,pl,a,S31,31,2,1636.5,1657.55,1656.34,1636.62,3020,0.4311,2943,0.3937,2854.714907,0.373521,2906.21575,0.454652,./audio/raw_data_ampl_norm/P_pl_a_2_ini_ampl_norm.wav,0.19582662,3934.854573,0.001369127,6817.74461,39.27991865,27.93207796,0.940903235,133.8612822,127.000254,1.054023736,0.06,Resistant
P_pl_a_3,P,pl,a,S31,31,3,1636.5,1657.55,1656.34,1636.62,3020,0.4311,2943,0.3937,2854.714907,0.373521,2906.21575,0.454652,./audio/raw_data_ampl_norm/P_pl_a_3_ini_ampl_norm.wav,0.12649395,3683.006353,0.000572367,4952.819237,31.17501062,31.53302682,0.940903235,133.8612822,127.000254,1.054023736,0.06,Resistant
P_pl_a_4,P,pl,a,S31,31,4,1636.5,1657.55,1656.34,1636.62,3020,0.4311,2943,0.3937,2854.714907,0.373521,2906.21575,0.454652,./audio/raw_data_ampl_norm/P_pl_a_4_ini_ampl_norm.wav,0.19378398,3896.863966,0.000553841,5968.573798,30.44034274,30.1080925,0.940903235,133.8612822,127.000254,1.054023736,0.06,Resistant
P_pl_a_5,P,pl,a,S31,31,5,1636.5,1657.55,1656.34,1636.62,3020,0.4311,2943,0.3937,2854.714907,0.373521,2906.21575,0.454652,./audio/raw_data_ampl_norm/P_pl_a_5_ini_ampl_norm.wav,0.18716934,4139.057553,0.003034804,7455.638474,44.3846148,25.95212936,0.940903235,133.8612822,127.000254,1.054023736,0.06,Resistant
P_pl_a_6,P,pl,a,S31,31,6,1636.5,1657.55,1656.34,1636.62,3020,0.4311,2943,0.3937,2854.714907,0.373521,2906.21575,0.454652,./audio/raw_data_ampl_norm/P_pl_a_6_ini_ampl_norm.wav,0.17459448,4061.580009,0.00083164,6647.097844,42.14800894,28.61228729,0.940903235,133.8612822,127.000254,1.054023736,0.06,Resistant
P_pl_a_7,P,pl,a,S31,31,7,1636.5,1657.55,1656.34,1636.62,3020,0.4311,2943,0.3937,2854.714907,0.373521,2906.21575,0.454652,./audio/raw_data_ampl_norm/P_pl_a_7_ini_ampl_norm.wav,0.13932858,3709.611004,0.00041718,4648.092869,29.68549875,32.13900113,0.940903235,133.8612822,127.000254,1.054023736,0.06,Resistant
P_pl_a_8,P,pl,a,S31,31,8,1636.5,1657.55,1656.34,1636.62,3020,0.4311,2943,0.3937,2854.714907,0.373521,2906.21575,0.454652,./audio/raw_data_ampl_norm/P_pl_a_8_ini_ampl_norm.wav,0.19927822,3953.664119,0.000845816,6622.719735,41.89874104,29.34178523,0.940903235,133.8612822,127.000254,1.054023736,0.06,Resistant
P_pl_a_9,P,pl,a,S31,31,9,1636.5,1657.55,1656.34,1636.62,3020,0.4311,2943,0.3937,2854.714907,0.373521,2906.21575,0.454652,./audio/raw_data_ampl_norm/P_pl_a_9_ini_ampl_norm.wav,0.1572619,3786.788856,0.000857531,5586.650083,36.02579285,30.24769831,0.940903235,133.8612822,127.000254,1.054023736,0.06,Resistant
S_pl_a_1,S,pl,a,S25,25,1,0,1965.94,1971.9,0,2384.185089,0.305304,2219,0.6633,1990.170771,1.152276,0,0,./audio/raw_data_ampl_norm/S_pl_a_1_ini_ampl_norm.wav,0.14337687,4462.789617,0.04765858,8552.6534,37.27320444,22.01197708,0.804388925,43.39238169,75.3806724,0.575643335,0.2,Uncertain
S_pl_a_2,S,pl,a,S25,25,2,0,1965.94,1971.9,0,2384.185089,0.305304,2219,0.6633,1990.170771,1.152276,0,0,./audio/raw_data_ampl_norm/S_pl_a_2_ini_ampl_norm.wav,0.17232041,4387.163796,0.020409208,8353.565506,32.04913157,22.59654826,0.804388925,43.39238169,75.3806724,0.575643335,0.2,Uncertain
S_pl_a_3,S,pl,a,S25,25,3,0,1965.94,1971.9,0,2384.185089,0.305304,2219,0.6633,1990.170771,1.152276,0,0,./audio/raw_data_ampl_norm/S_pl_a_3_ini_ampl_norm.wav,0.12291317,4325.127661,0.07067767,8247.927032,41.70091047,21.60287025,0.804388925,43.39238169,75.3806724,0.575643335,0.2,Uncertain
S_pl_a_4,S,pl,a,S25,25,4,0,1965.94,1971.9,0,2384.185089,0.305304,2219,0.6633,1990.170771,1.152276,0,0,./audio/raw_data_ampl_norm/S_pl_a_4_ini_ampl_norm.wav,0.14938058,3950.995894,0.002438271,7199.668325,35.33471724,27.11488117,0.804388925,43.39238169,75.3806724,0.575643335,0.2,Uncertain
S_pl_a_5,S,pl,a,S25,25,5,0,1965.94,1971.9,0,2384.185089,0.305304,2219,0.6633,1990.170771,1.152276,0,0,./audio/raw_data_ampl_norm/S_pl_a_5_ini_ampl_norm.wav,0.13036826,4067.003061,0.004265036,7540.961857,38.14455293,26.18638356,0.804388925,43.39238169,75.3806724,0.575643335,0.2,Uncertain
S_pl_a_6,S,pl,a,S25,25,6,0,1965.94,1971.9,0,2384.185089,0.305304,2219,0.6633,1990.170771,1.152276,0,0,./audio/raw_data_ampl_norm/S_pl_a_6_ini_ampl_norm.wav,0.13516103,3827.190006,0.000761077,5468.822554,30.33529278,30.93821542,0.804388925,43.39238169,75.3806724,0.575643335,0.2,Uncertain
S_pl_a_7,S,pl,a,S25,25,7,0,1965.94,1971.9,0,2384.185089,0.305304,2219,0.6633,1990.170771,1.152276,0,0,./audio/raw_data_ampl_norm/S_pl_a_7_ini_ampl_norm.wav,0.13516106,3831.50986,0.000762356,5472.885572,31.72800597,30.88487634,0.804388925,43.39238169,75.3806724,0.575643335,0.2,Uncertain
S_pl_a_8,S,pl,a,S25,25,8,0,1965.94,1971.9,0,2384.185089,0.305304,2219,0.6633,1990.170771,1.152276,0,0,./audio/raw_data_ampl_norm/S_pl_a_8_ini_ampl_norm.wav,0.13418685,3967.500174,0.005421758,7471.890547,36.02328134,27.65037042,0.804388925,43.39238169,75.3806724,0.575643335,0.2,Uncertain
S_pl_a_9,S,pl,a,S25,25,9,0,1965.94,1971.9,0,2384.185089,0.305304,2219,0.6633,1990.170771,1.152276,0,0,./audio/raw_data_ampl_norm/S_pl_a_9_ini_ampl_norm.wav,0.14725094,3822.013618,0.00424338,7366.252073,41.20392586,27.11784956,0.804388925,43.39238169,75.3806724,0.575643335,0.2,Uncertain
S_pl_d_1,S,pl,d,S26,26,1,4230.6,4334.35,4343.61,4234.34,3740,0.2481,3329,0.7683,3119.234401,1.148756,3570.086107,0.465784,./audio/raw_data_ampl_norm/S_pl_d_1_ini_ampl_norm.wav,0.10496309,4605.635991,0.24088185,8617.661692,38.74559956,17.84451088,0.877947272,43.52534394,65.07874528,0.668810435,0.12,Uncertain
S_pl_d_2,S,pl,d,S26,26,2,4230.6,4334.35,4343.61,4234.34,3740,0.2481,3329,0.7683,3119.234401,1.148756,3570.086107,0.465784,./audio/raw_data_ampl_norm/S_pl_d_2_ini_ampl_norm.wav,0.11540796,4332.722228,0.22990476,8532.338308,40.20147153,19.61026884,0.877947272,43.52534394,65.07874528,0.668810435,0.12,Uncertain
S_pl_d_3,S,pl,d,S26,26,3,4230.6,4334.35,4343.61,4234.34,3740,0.2481,3329,0.7683,3119.234401,1.148756,3570.086107,0.465784,./audio/raw_data_ampl_norm/S_pl_d_3_ini_ampl_norm.wav,0.08697397,4457.939522,0.026214257,8093.532338,31.68874219,23.594192,0.877947272,43.52534394,65.07874528,0.668810435,0.12,Uncertain
S_pl_d_4,S,pl,d,S26,26,4,4230.6,4334.35,4343.61,4234.34,3740,0.2481,3329,0.7683,3119.234401,1.148756,3570.086107,0.465784,./audio/raw_data_ampl_norm/S_pl_d_4_ini_ampl_norm.wav,0.11328449,4770.212468,0.2770029,8678.606965,33.63365202,18.00958442,0.877947272,43.52534394,65.07874528,0.668810435,0.12,Uncertain
S_pl_d_6,S,pl,d,S26,26,6,4230.6,4334.35,4343.61,4234.34,3740,0.2481,3329,0.7683,3119.234401,1.148756,3570.086107,0.465784,./audio/raw_data_ampl_norm/S_pl_d_6_ini_ampl_norm.wav,0.11632069,4207.545948,0.08378912,8126.036484,36.44822819,22.09481072,0.877947272,43.52534394,65.07874528,0.668810435,0.12,Uncertain
S_pl_d_7,S,pl,d,S26,26,7,4230.6,4334.35,4343.61,4234.34,3740,0.2481,3329,0.7683,3119.234401,1.148756,3570.086107,0.465784,./audio/raw_data_ampl_norm/S_pl_d_7_ini_ampl_norm.wav,0.11221423,4410.764447,0.020278128,8016.334992,32.19437623,23.30992968,0.877947272,43.52534394,65.07874528,0.668810435,0.12,Uncertain
S_pl_d_8,S,pl,d,S26,26,8,4230.6,4334.35,4343.61,4234.34,3740,0.2481,3329,0.7683,3119.234401,1.148756,3570.086107,0.465784,./audio/raw_data_ampl_norm/S_pl_d_8_ini_ampl_norm.wav,0.13240266,4392.250043,0.12948227,8467.330017,35.0939202,20.13254344,0.877947272,43.52534394,65.07874528,0.668810435,0.12,Uncertain
S_pl_d_9,S,pl,d,S26,26,9,4230.6,4334.35,4343.61,4234.34,3740,0.2481,3329,0.7683,3119.234401,1.148756,3570.086107,0.465784,./audio/raw_data_ampl_norm/S_pl_d_9_ini_ampl_norm.wav,0.11197356,4310.588786,0.07067568,8101.658375,36.63909943,21.30795439,0.877947272,43.52534394,65.07874528,0.668810435,0.12,Uncertain
S_pt_d2_1,S,pt,d2,S27,27,1,617.75,632.41,633.89,617.39,9348,0.6028,8630,1.47,4537.750205,4.959572,7104.522742,0.681352,./audio/raw_data_ampl_norm/S_pt_d2_1_ini_ampl_norm.wav,0.09763796,4806.225021,0.28588417,9178.358209,33.69754629,19.22955563,0.276477363,10.0815151,34.01360544,0.296396544,0.72,Uncertain
S_pt_d2_3,S,pt,d2,S27,27,3,617.75,632.41,633.89,617.39,9348,0.6028,8630,1.47,4537.750205,4.959572,7104.522742,0.681352,./audio/raw_data_ampl_norm/S_pt_d2_3_ini_ampl_norm.wav,0.094784275,4803.71055,0.31518847,9235.240464,28.33749209,17.64915991,0.276477363,10.0815151,34.01360544,0.296396544,0.72,Uncertain
S_pt_d3_3,S,pt,d3,S28,28,3,0,0,0,0,8478,0.9505,7892,1.421,5652.558195,6.901939,0,0,./audio/raw_data_ampl_norm/S_pt_d3_3_ini_ampl_norm.wav,0.108115785,4954.534561,0.22083402,8942.703151,28.20971814,18.55860501,0.512998306,7.244341047,35.18648839,0.205884173,0.49,Uncertain
S_pt_d4_2,S,pt,d4,S29,29,2,0,0,0,0,9207,0.899,8621,1.066,4549.123918,2.330161,0,0,./audio/raw_data_ampl_norm/S_pt_d4_2_ini_ampl_norm.wav,0.090030394,4677.211145,0.33472818,8971.144279,30.26714718,17.76633211,0.278445526,21.45774477,46.9043152,0.457479118,0.72,Uncertain
S_pt_d4_3,S,pt,d4,S29,29,3,0,0,0,0,9207,0.899,8621,1.066,4549.123918,2.330161,0,0,./audio/raw_data_ampl_norm/S_pt_d4_3_ini_ampl_norm.wav,0.087166786,4931.846781,0.29726157,9308.374793,26.01548393,17.87803467,0.278445526,21.45774477,46.9043152,0.457479118,0.72,Uncertain